district_id,category_id,period_date,cancel_rate,return_rate,cancel_reasons,return_reasons,area_performance_score,area_rating,highest_rating,lowest_rating,avg_basket,avg_menu_price,avg_monthly_revenue,courier_fee,hourly_heatmap,negative_comment_total,negative_comment_rate,negative_avg_rating,platform_negative_distribution,rating_distribution,negative_word_cloud,courier_comparison
34-fatih,,2026-05-01,17.74,11.73,"[{""label"": ""Uzun bekleme"", ""color"": ""#EE4444"", ""percent"": 4.5}, {""label"": ""Yanlış ürün"", ""color"": ""#A65EEA"", ""percent"": 30.4}, {""label"": ""Lezzet"", ""color"": ""#22CCEE"", ""percent"": 14.3}, {""label"": ""Ürün stokta yok"", ""color"": ""#66DD22"", ""percent"": 27.7}, {""label"": ""Diğer"", ""color"": ""#F99F1B"", ""percent"": 23.2}]","[{""label"": ""Eksik Malzeme"", ""color"": ""#EE4444"", ""percent"": 14.1}, {""label"": ""Soğuk Geldi"", ""color"": ""#A65EEA"", ""percent"": 12.8}, {""label"": ""Yanlış Sipariş"", ""color"": ""#22CCEE"", ""percent"": 44.9}, {""label"": ""Ambalaj"", ""color"": ""#F99F1B"", ""percent"": 28.2}]",86.2,4.03,4.59,3.73,130.82,226.83,496232,22,"[[5, 5, 4, 5, 5, 4, 5, 8, 15, 19, 28, 63, 77, 65, 44, 36, 36, 44, 83, 96, 86, 42, 25, 9], [5, 4, 5, 4, 5, 4, 5, 9, 16, 21, 26, 54, 73, 67, 54, 35, 37, 43, 81, 91, 69, 54, 23, 9], [5, 4, 5, 4, 5, 5, 4, 9, 13, 17, 32, 65, 80, 64, 50, 38, 31, 50, 80, 73, 82, 53, 22, 10], [5, 4, 5, 4, 4, 5, 5, 10, 13, 19, 27, 62, 88, 61, 53, 34, 39, 53, 81, 90, 70, 51, 27, 9], [5, 5, 5, 5, 5, 5, 5, 9, 16, 18, 28, 59, 83, 72, 42, 34, 33, 52, 84, 78, 73, 52, 26, 9], [6, 6, 6, 6, 5, 5, 5, 13, 18, 23, 31, 73, 100, 82, 56, 52, 40, 60, 81, 100, 85, 52, 27, 13], [5, 5, 6, 6, 5, 6, 6, 10, 19, 21, 33, 71, 100, 93, 54, 45, 37, 63, 82, 99, 79, 62, 33, 11]]",2206,22.98,2.42,"[{""platform_id"": 1, ""percent"": 31.9}, {""platform_id"": 2, ""percent"": 22.7}, {""platform_id"": 3, ""percent"": 45.4}]","[{""stars"": 5, ""percent"": 16.8, ""count"": 1034}, {""stars"": 4, ""percent"": 22.9, ""count"": 2070}, {""stars"": 3, ""percent"": 17.6, ""count"": 851}, {""stars"": 2, ""percent"": 22.1, ""count"": 2059}, {""stars"": 1, ""percent"": 20.6, ""count"": 1161}]","[{""text"": ""Bayat"", ""weight"": 2}, {""text"": ""Geç"", ""weight"": 5}, {""text"": ""Soğuk"", ""weight"": 3}, {""text"": ""Kötü"", ""weight"": 5}, {""text"": ""Tatsız"", ""weight"": 5}, {""text"": ""Yağlı"", ""weight"": 2}]","{""restaurant_courier"": {""fee"": 22, ""avg_cost"": 34.79, ""monthly_revenue"": 5114, ""churn_label"": ""YÜKSEK""}, ""own_courier"": {""fee"": 0, ""avg_cost"": 33.27, ""monthly_revenue"": 1060128, ""churn_label"": ""DÜŞÜK""}}"
34-eyüpsultan,,2026-05-01,16.17,5.42,"[{""label"": ""Uzun bekleme"", ""color"": ""#EE4444"", ""percent"": 22.1}, {""label"": ""Yanlış ürün"", ""color"": ""#A65EEA"", ""percent"": 20.2}, {""label"": ""Lezzet"", ""color"": ""#22CCEE"", ""percent"": 22.1}, {""label"": ""Ürün stokta yok"", ""color"": ""#66DD22"", ""percent"": 7.7}, {""label"": ""Diğer"", ""color"": ""#F99F1B"", ""percent"": 27.9}]","[{""label"": ""Eksik Malzeme"", ""color"": ""#EE4444"", ""percent"": 13.5}, {""label"": ""Soğuk Geldi"", ""color"": ""#A65EEA"", ""percent"": 34.6}, {""label"": ""Yanlış Sipariş"", ""color"": ""#22CCEE"", ""percent"": 30.1}, {""label"": ""Ambalaj"", ""color"": ""#F99F1B"", ""percent"": 21.8}]",82.4,3.87,4.55,3.89,128.23,206.76,498999,18,"[[4, 5, 5, 4, 5, 4, 5, 11, 13, 18, 26, 60, 79, 62, 56, 44, 34, 55, 81, 82, 75, 51, 27, 8], [5, 4, 5, 4, 4, 4, 5, 9, 16, 22, 29, 60, 84, 61, 45, 45, 38, 45, 76, 74, 83, 52, 24, 9], [5, 4, 5, 5, 5, 5, 5, 10, 15, 20, 30, 55, 79, 73, 54, 41, 39, 54, 71, 93, 84, 48, 25, 10], [4, 5, 4, 4, 4, 4, 5, 9, 15, 21, 28, 56, 73, 63, 46, 34, 32, 52, 80, 87, 74, 56, 27, 11], [4, 4, 5, 5, 4, 5, 4, 11, 17, 21, 26, 55, 82, 74, 44, 34, 30, 43, 84, 96, 70, 46, 26, 9], [5, 5, 6, 5, 5, 5, 6, 12, 20, 25, 31, 73, 100, 85, 53, 53, 47, 57, 93, 100, 83, 51, 34, 13], [5, 5, 6, 6, 6, 5, 5, 12, 18, 21, 34, 70, 98, 88, 55, 45, 42, 57, 100, 95, 91, 57, 29, 11]]",2033,16.37,2.42,"[{""platform_id"": 1, ""percent"": 31.2}, {""platform_id"": 2, ""percent"": 35.5}, {""platform_id"": 3, ""percent"": 33.3}]","[{""stars"": 5, ""percent"": 9.1, ""count"": 420}, {""stars"": 4, ""percent"": 23.6, ""count"": 1482}, {""stars"": 3, ""percent"": 15.5, ""count"": 357}, {""stars"": 2, ""percent"": 25.5, ""count"": 1148}, {""stars"": 1, ""percent"": 26.4, ""count"": 2320}]","[{""text"": ""Geç"", ""weight"": 1}, {""text"": ""Eksik"", ""weight"": 5}, {""text"": ""Yağlı"", ""weight"": 5}, {""text"": ""Kötü"", ""weight"": 2}, {""text"": ""Lezzetsiz"", ""weight"": 4}, {""text"": ""Bayat"", ""weight"": 1}]","{""restaurant_courier"": {""fee"": 22, ""avg_cost"": 36.12, ""monthly_revenue"": 5029, ""churn_label"": ""ORTA""}, ""own_courier"": {""fee"": 0, ""avg_cost"": 37.69, ""monthly_revenue"": 968430, ""churn_label"": ""DÜŞÜK""}}"
34-gaziosmanpaşa,,2026-05-01,6.85,7.29,"[{""label"": ""Uzun bekleme"", ""color"": ""#EE4444"", ""percent"": 32.4}, {""label"": ""Yanlış ürün"", ""color"": ""#A65EEA"", ""percent"": 10.5}, {""label"": ""Lezzet"", ""color"": ""#22CCEE"", ""percent"": 29.5}, {""label"": ""Ürün stokta yok"", ""color"": ""#66DD22"", ""percent"": 15.2}, {""label"": ""Diğer"", ""color"": ""#F99F1B"", ""percent"": 12.4}]","[{""label"": ""Eksik Malzeme"", ""color"": ""#EE4444"", ""percent"": 30.4}, {""label"": ""Soğuk Geldi"", ""color"": ""#A65EEA"", ""percent"": 18.3}, {""label"": ""Yanlış Sipariş"", ""color"": ""#22CCEE"", ""percent"": 13.9}, {""label"": ""Ambalaj"", ""color"": ""#F99F1B"", ""percent"": 37.4}]",81.2,3.71,4.94,3.02,120.05,234.51,1338984,24,"[[4, 4, 4, 4, 5, 4, 4, 9, 15, 21, 28, 54, 91, 63, 48, 38, 30, 52, 85, 78, 73, 57, 22, 10], [5, 4, 4, 5, 4, 5, 4, 8, 13, 19, 27, 57, 86, 63, 45, 35, 35, 43, 64, 96, 79, 49, 24, 9], [5, 4, 5, 5, 5, 4, 4, 9, 15, 18, 25, 66, 90, 64, 47, 45, 31, 43, 85, 93, 70, 54, 27, 9], [4, 4, 4, 4, 5, 4, 4, 9, 13, 20, 33, 52, 77, 78, 55, 34, 36, 50, 71, 92, 70, 43, 24, 10], [5, 5, 5, 4, 5, 4, 5, 9, 12, 17, 28, 55, 89, 67, 52, 38, 32, 50, 69, 90, 64, 43, 21, 10], [6, 6, 5, 6, 5, 6, 6, 13, 18, 22, 37, 78, 100, 82, 53, 42, 36, 53, 100, 96, 78, 61, 31, 11], [6, 5, 6, 5, 5, 5, 6, 12, 16, 22, 35, 69, 99, 81, 64, 44, 38, 63, 89, 97, 100, 66, 30, 10]]",2332,19.39,3.09,"[{""platform_id"": 1, ""percent"": 39.8}, {""platform_id"": 2, ""percent"": 43.9}, {""platform_id"": 3, ""percent"": 16.3}]","[{""stars"": 5, ""percent"": 13.9, ""count"": 1273}, {""stars"": 4, ""percent"": 21.9, ""count"": 1110}, {""stars"": 3, ""percent"": 13.9, ""count"": 931}, {""stars"": 2, ""percent"": 24.8, ""count"": 2618}, {""stars"": 1, ""percent"": 25.5, ""count"": 2625}]","[{""text"": ""Pahalı"", ""weight"": 2}, {""text"": ""Bayat"", ""weight"": 1}, {""text"": ""Yağlı"", ""weight"": 1}, {""text"": ""Lezzetsiz"", ""weight"": 1}, {""text"": ""Geç"", ""weight"": 3}, {""text"": ""Az porsiyon"", ""weight"": 5}]","{""restaurant_courier"": {""fee"": 22, ""avg_cost"": 34.03, ""monthly_revenue"": 5216, ""churn_label"": ""YÜKSEK""}, ""own_courier"": {""fee"": 0, ""avg_cost"": 37.61, ""monthly_revenue"": 946153, ""churn_label"": ""ORTA""}}"
34-bayrampaşa,,2026-05-01,14.84,10.33,"[{""label"": ""Uzun bekleme"", ""color"": ""#EE4444"", ""percent"": 9.3}, {""label"": ""Yanlış ürün"", ""color"": ""#A65EEA"", ""percent"": 25.2}, {""label"": ""Lezzet"", ""color"": ""#22CCEE"", ""percent"": 12.1}, {""label"": ""Ürün stokta yok"", ""color"": ""#66DD22"", ""percent"": 32.7}, {""label"": ""Diğer"", ""color"": ""#F99F1B"", ""percent"": 20.6}]","[{""label"": ""Eksik Malzeme"", ""color"": ""#EE4444"", ""percent"": 13.6}, {""label"": ""Soğuk Geldi"", ""color"": ""#A65EEA"", ""percent"": 28.0}, {""label"": ""Yanlış Sipariş"", ""color"": ""#22CCEE"", ""percent"": 26.4}, {""label"": ""Ambalaj"", ""color"": ""#F99F1B"", ""percent"": 32.0}]",85.2,3.88,4.75,3.19,130.95,133.41,1426897,16,"[[4, 4, 4, 4, 5, 5, 4, 8, 15, 22, 29, 58, 75, 59, 49, 40, 32, 52, 85, 89, 80, 42, 24, 9], [5, 5, 5, 5, 5, 4, 5, 10, 14, 20, 31, 67, 80, 66, 43, 40, 33, 46, 69, 94, 79, 50, 28, 8], [5, 5, 5, 4, 5, 5, 5, 8, 14, 21, 25, 62, 72, 66, 46, 45, 32, 50, 73, 87, 80, 56, 27, 9], [4, 4, 4, 5, 4, 5, 5, 11, 12, 19, 26, 58, 82, 71, 48, 41, 30, 50, 75, 95, 73, 42, 23, 9], [5, 4, 5, 4, 4, 4, 4, 10, 16, 20, 31, 64, 88, 74, 44, 40, 37, 47, 73, 92, 77, 48, 28, 9], [6, 6, 5, 6, 6, 6, 5, 12, 18, 23, 40, 71, 86, 79, 57, 44, 47, 61, 88, 100, 87, 64, 32, 10], [6, 5, 6, 6, 5, 6, 5, 10, 19, 24, 31, 66, 100, 96, 61, 43, 40, 67, 90, 100, 89, 66, 29, 12]]",1597,17.15,2.44,"[{""platform_id"": 1, ""percent"": 20.5}, {""platform_id"": 2, ""percent"": 36.1}, {""platform_id"": 3, ""percent"": 43.4}]","[{""stars"": 5, ""percent"": 26.9, ""count"": 992}, {""stars"": 4, ""percent"": 18.5, ""count"": 1034}, {""stars"": 3, ""percent"": 10.9, ""count"": 507}, {""stars"": 2, ""percent"": 16.8, ""count"": 1560}, {""stars"": 1, ""percent"": 26.9, ""count"": 1056}]","[{""text"": ""Bayat"", ""weight"": 3}, {""text"": ""Az porsiyon"", ""weight"": 1}, {""text"": ""Kötü"", ""weight"": 5}, {""text"": ""Soğuk"", ""weight"": 4}, {""text"": ""Eksik"", ""weight"": 1}, {""text"": ""Lezzetsiz"", ""weight"": 5}]","{""restaurant_courier"": {""fee"": 26, ""avg_cost"": 31.16, ""monthly_revenue"": 4181, ""churn_label"": ""YÜKSEK""}, ""own_courier"": {""fee"": 0, ""avg_cost"": 37.15, ""monthly_revenue"": 1287788, ""churn_label"": ""ORTA""}}"
34-esenler,,2026-05-01,6.89,6.31,"[{""label"": ""Uzun bekleme"", ""color"": ""#EE4444"", ""percent"": 26.0}, {""label"": ""Yanlış ürün"", ""color"": ""#A65EEA"", ""percent"": 13.0}, {""label"": ""Lezzet"", ""color"": ""#22CCEE"", ""percent"": 13.0}, {""label"": ""Ürün stokta yok"", ""color"": ""#66DD22"", ""percent"": 25.0}, {""label"": ""Diğer"", ""color"": ""#F99F1B"", ""percent"": 23.0}]","[{""label"": ""Eksik Malzeme"", ""color"": ""#EE4444"", ""percent"": 31.3}, {""label"": ""Soğuk Geldi"", ""color"": ""#A65EEA"", ""percent"": 14.1}, {""label"": ""Yanlış Sipariş"", ""color"": ""#22CCEE"", ""percent"": 13.1}, {""label"": ""Ambalaj"", ""color"": ""#F99F1B"", ""percent"": 41.4}]",80.1,4.52,4.55,3.62,88.08,172.18,665315,18,"[[5, 5, 4, 5, 4, 5, 5, 9, 13, 22, 31, 68, 85, 79, 43, 40, 35, 57, 83, 87, 84, 43, 27, 10], [5, 4, 5, 5, 4, 5, 4, 11, 14, 18, 31, 63, 79, 75, 55, 42, 38, 54, 82, 90, 82, 48, 28, 9], [5, 5, 4, 4, 4, 5, 4, 8, 14, 21, 27, 52, 79, 80, 53, 37, 30, 49, 83, 88, 72, 53, 25, 9], [4, 4, 4, 4, 4, 4, 4, 9, 15, 22, 28, 52, 86, 76, 52, 39, 39, 50, 77, 90, 69, 45, 24, 9], [5, 5, 5, 4, 5, 4, 4, 9, 15, 17, 28, 58, 87, 65, 47, 38, 39, 52, 72, 76, 72, 49, 22, 11], [6, 5, 6, 6, 5, 5, 5, 11, 18, 24, 41, 78, 97, 78, 66, 46, 45, 61, 83, 92, 84, 66, 31, 12], [6, 6, 5, 5, 5, 5, 6, 11, 17, 20, 33, 64, 93, 75, 65, 52, 38, 56, 77, 100, 79, 61, 25, 12]]",638,25.46,2.19,"[{""platform_id"": 1, ""percent"": 38.0}, {""platform_id"": 2, ""percent"": 22.1}, {""platform_id"": 3, ""percent"": 39.9}]","[{""stars"": 5, ""percent"": 27.0, ""count"": 2190}, {""stars"": 4, ""percent"": 15.3, ""count"": 850}, {""stars"": 3, ""percent"": 18.9, ""count"": 630}, {""stars"": 2, ""percent"": 9.0, ""count"": 400}, {""stars"": 1, ""percent"": 29.7, ""count"": 726}]","[{""text"": ""Yağlı"", ""weight"": 2}, {""text"": ""Az porsiyon"", ""weight"": 4}, {""text"": ""Kötü"", ""weight"": 1}, {""text"": ""Soğuk"", ""weight"": 1}, {""text"": ""Geç"", ""weight"": 2}, {""text"": ""Lezzetsiz"", ""weight"": 3}]","{""restaurant_courier"": {""fee"": 22, ""avg_cost"": 35.55, ""monthly_revenue"": 3539, ""churn_label"": ""ORTA""}, ""own_courier"": {""fee"": 0, ""avg_cost"": 34.15, ""monthly_revenue"": 1224588, ""churn_label"": ""ORTA""}}"
34-güngören,,2026-05-01,6.07,10.24,"[{""label"": ""Uzun bekleme"", ""color"": ""#EE4444"", ""percent"": 28.0}, {""label"": ""Yanlış ürün"", ""color"": ""#A65EEA"", ""percent"": 9.7}, {""label"": ""Lezzet"", ""color"": ""#22CCEE"", ""percent"": 16.1}, {""label"": ""Ürün stokta yok"", ""color"": ""#66DD22"", ""percent"": 21.5}, {""label"": ""Diğer"", ""color"": ""#F99F1B"", ""percent"": 24.7}]","[{""label"": ""Eksik Malzeme"", ""color"": ""#EE4444"", ""percent"": 28.1}, {""label"": ""Soğuk Geldi"", ""color"": ""#A65EEA"", ""percent"": 18.0}, {""label"": ""Yanlış Sipariş"", ""color"": ""#22CCEE"", ""percent"": 31.7}, {""label"": ""Ambalaj"", ""color"": ""#F99F1B"", ""percent"": 22.3}]",82.8,3.62,4.88,2.88,130.76,213.54,1343262,16,"[[5, 4, 4, 5, 4, 4, 5, 10, 17, 22, 25, 56, 79, 71, 43, 43, 32, 50, 64, 83, 78, 48, 26, 10], [4, 5, 4, 5, 5, 5, 5, 11, 15, 22, 26, 51, 87, 72, 56, 43, 39, 53, 80, 81, 84, 52, 23, 10], [5, 4, 5, 4, 4, 4, 4, 9, 13, 19, 26, 55, 81, 74, 52, 43, 31, 42, 81, 92, 76, 43, 21, 10], [5, 4, 4, 4, 5, 5, 4, 10, 13, 21, 31, 58, 81, 80, 52, 37, 39, 49, 83, 82, 67, 45, 23, 9], [5, 4, 4, 5, 5, 4, 5, 9, 14, 18, 28, 52, 70, 63, 55, 43, 37, 49, 77, 89, 70, 48, 25, 10], [6, 5, 6, 6, 5, 6, 5, 10, 20, 23, 38, 71, 99, 87, 51, 49, 39, 63, 87, 100, 79, 56, 33, 13], [5, 5, 6, 5, 5, 6, 6, 12, 17, 21, 38, 71, 91, 75, 61, 46, 36, 67, 98, 100, 87, 58, 33, 11]]",616,25.01,2.9,"[{""platform_id"": 1, ""percent"": 52.6}, {""platform_id"": 2, ""percent"": 27.8}, {""platform_id"": 3, ""percent"": 19.7}]","[{""stars"": 5, ""percent"": 20.7, ""count"": 1748}, {""stars"": 4, ""percent"": 12.6, ""count"": 280}, {""stars"": 3, ""percent"": 17.1, ""count"": 1083}, {""stars"": 2, ""percent"": 25.2, ""count"": 1540}, {""stars"": 1, ""percent"": 24.3, ""count"": 1863}]","[{""text"": ""Soğuk"", ""weight"": 5}, {""text"": ""Pahalı"", ""weight"": 2}, {""text"": ""Lezzetsiz"", ""weight"": 5}, {""text"": ""Bayat"", ""weight"": 5}, {""text"": ""Kötü"", ""weight"": 3}, {""text"": ""Eksik"", ""weight"": 3}]","{""restaurant_courier"": {""fee"": 24, ""avg_cost"": 32.69, ""monthly_revenue"": 3458, ""churn_label"": ""YÜKSEK""}, ""own_courier"": {""fee"": 0, ""avg_cost"": 38.26, ""monthly_revenue"": 1094519, ""churn_label"": ""DÜŞÜK""}}"
34-bahçelievler,,2026-05-01,6.2,8.0,"[{""label"": ""Uzun bekleme"", ""color"": ""#EE4444"", ""percent"": 20.2}, {""label"": ""Yanlış ürün"", ""color"": ""#A65EEA"", ""percent"": 16.2}, {""label"": ""Lezzet"", ""color"": ""#22CCEE"", ""percent"": 24.2}, {""label"": ""Ürün stokta yok"", ""color"": ""#66DD22"", ""percent"": 32.3}, {""label"": ""Diğer"", ""color"": ""#F99F1B"", ""percent"": 7.1}]","[{""label"": ""Eksik Malzeme"", ""color"": ""#EE4444"", ""percent"": 26.5}, {""label"": ""Soğuk Geldi"", ""color"": ""#A65EEA"", ""percent"": 35.3}, {""label"": ""Yanlış Sipariş"", ""color"": ""#22CCEE"", ""percent"": 18.4}, {""label"": ""Ambalaj"", ""color"": ""#F99F1B"", ""percent"": 19.9}]",78.5,3.58,4.75,3.84,84.01,179.75,1270966,16,"[[5, 4, 5, 5, 4, 5, 5, 9, 12, 18, 33, 52, 86, 60, 48, 40, 35, 50, 79, 82, 69, 55, 22, 10], [4, 4, 4, 4, 4, 5, 5, 10, 12, 22, 32, 58, 90, 70, 53, 37, 34, 56, 77, 84, 81, 55, 25, 8], [4, 4, 4, 5, 4, 4, 4, 8, 13, 20, 31, 54, 68, 76, 50, 37, 34, 56, 75, 84, 82, 53, 26, 10], [5, 5, 5, 5, 4, 4, 4, 8, 15, 22, 25, 60, 84, 63, 45, 35, 35, 54, 72, 85, 77, 50, 23, 9], [5, 4, 5, 4, 5, 4, 4, 9, 14, 21, 30, 60, 86, 78, 55, 38, 37, 46, 80, 84, 65, 50, 21, 11], [5, 6, 6, 6, 5, 6, 5, 11, 19, 21, 41, 62, 98, 76, 61, 48, 37, 60, 94, 100, 95, 65, 29, 10], [5, 5, 6, 5, 6, 6, 6, 10, 18, 22, 34, 68, 86, 94, 63, 41, 42, 64, 85, 98, 100, 57, 31, 11]]",469,19.18,2.09,"[{""platform_id"": 1, ""percent"": 43.0}, {""platform_id"": 2, ""percent"": 37.7}, {""platform_id"": 3, ""percent"": 19.3}]","[{""stars"": 5, ""percent"": 13.9, ""count"": 792}, {""stars"": 4, ""percent"": 27.8, ""count"": 1430}, {""stars"": 3, ""percent"": 13.9, ""count"": 748}, {""stars"": 2, ""percent"": 24.1, ""count"": 437}, {""stars"": 1, ""percent"": 20.3, ""count"": 1232}]","[{""text"": ""Eksik"", ""weight"": 5}, {""text"": ""Geç"", ""weight"": 5}, {""text"": ""Soğuk"", ""weight"": 4}, {""text"": ""Tatsız"", ""weight"": 4}, {""text"": ""Lezzetsiz"", ""weight"": 4}, {""text"": ""Pahalı"", ""weight"": 3}]","{""restaurant_courier"": {""fee"": 24, ""avg_cost"": 37.77, ""monthly_revenue"": 4672, ""churn_label"": ""ORTA""}, ""own_courier"": {""fee"": 0, ""avg_cost"": 39.45, ""monthly_revenue"": 761091, ""churn_label"": ""DÜŞÜK""}}"
34-küçükçekmece,,2026-05-01,5.73,9.34,"[{""label"": ""Uzun bekleme"", ""color"": ""#EE4444"", ""percent"": 25.6}, {""label"": ""Yanlış ürün"", ""color"": ""#A65EEA"", ""percent"": 23.1}, {""label"": ""Lezzet"", ""color"": ""#22CCEE"", ""percent"": 17.4}, {""label"": ""Ürün stokta yok"", ""color"": ""#66DD22"", ""percent"": 7.4}, {""label"": ""Diğer"", ""color"": ""#F99F1B"", ""percent"": 26.4}]","[{""label"": ""Eksik Malzeme"", ""color"": ""#EE4444"", ""percent"": 10.0}, {""label"": ""Soğuk Geldi"", ""color"": ""#A65EEA"", ""percent"": 32.0}, {""label"": ""Yanlış Sipariş"", ""color"": ""#22CCEE"", ""percent"": 23.0}, {""label"": ""Ambalaj"", ""color"": ""#F99F1B"", ""percent"": 35.0}]",81.3,3.63,4.78,2.89,124.38,235.89,1068207,18,"[[4, 5, 5, 5, 4, 5, 5, 9, 16, 22, 32, 57, 81, 60, 55, 36, 32, 48, 74, 74, 82, 56, 24, 9], [4, 5, 5, 5, 4, 5, 4, 9, 14, 22, 32, 60, 74, 60, 53, 39, 37, 56, 84, 89, 84, 49, 26, 11], [5, 5, 4, 4, 5, 5, 5, 9, 17, 22, 30, 65, 79, 64, 46, 34, 30, 46, 71, 93, 65, 50, 23, 10], [5, 4, 4, 4, 4, 4, 4, 10, 15, 18, 30, 68, 68, 79, 50, 35, 31, 56, 75, 85, 67, 43, 27, 9], [4, 5, 4, 4, 4, 5, 4, 10, 14, 18, 34, 64, 89, 78, 56, 40, 31, 48, 72, 86, 78, 51, 22, 8], [6, 5, 6, 5, 5, 6, 5, 10, 16, 24, 39, 77, 82, 71, 55, 49, 37, 56, 99, 100, 79, 56, 25, 11], [5, 5, 5, 5, 6, 6, 5, 11, 20, 25, 31, 76, 98, 87, 55, 45, 41, 62, 77, 100, 79, 60, 26, 12]]",712,18.44,2.49,"[{""platform_id"": 1, ""percent"": 22.9}, {""platform_id"": 2, ""percent"": 37.2}, {""platform_id"": 3, ""percent"": 39.9}]","[{""stars"": 5, ""percent"": 18.3, ""count"": 945}, {""stars"": 4, ""percent"": 29.6, ""count"": 2278}, {""stars"": 3, ""percent"": 17.4, ""count"": 560}, {""stars"": 2, ""percent"": 21.7, ""count"": 1950}, {""stars"": 1, ""percent"": 13.0, ""count"": 750}]","[{""text"": ""Eksik"", ""weight"": 2}, {""text"": ""Geç"", ""weight"": 1}, {""text"": ""Lezzetsiz"", ""weight"": 5}, {""text"": ""Kötü"", ""weight"": 3}, {""text"": ""Az porsiyon"", ""weight"": 4}, {""text"": ""Soğuk"", ""weight"": 3}]","{""restaurant_courier"": {""fee"": 24, ""avg_cost"": 36.14, ""monthly_revenue"": 5225, ""churn_label"": ""ORTA""}, ""own_courier"": {""fee"": 0, ""avg_cost"": 38.29, ""monthly_revenue"": 1220162, ""churn_label"": ""DÜŞÜK""}}"
34-avcılar,,2026-05-01,6.34,9.21,"[{""label"": ""Uzun bekleme"", ""color"": ""#EE4444"", ""percent"": 19.4}, {""label"": ""Yanlış ürün"", ""color"": ""#A65EEA"", ""percent"": 15.3}, {""label"": ""Lezzet"", ""color"": ""#22CCEE"", ""percent"": 24.5}, {""label"": ""Ürün stokta yok"", ""color"": ""#66DD22"", ""percent"": 16.3}, {""label"": ""Diğer"", ""color"": ""#F99F1B"", ""percent"": 24.5}]","[{""label"": ""Eksik Malzeme"", ""color"": ""#EE4444"", ""percent"": 30.8}, {""label"": ""Soğuk Geldi"", ""color"": ""#A65EEA"", ""percent"": 19.2}, {""label"": ""Yanlış Sipariş"", ""color"": ""#22CCEE"", ""percent"": 31.7}, {""label"": ""Ambalaj"", ""color"": ""#F99F1B"", ""percent"": 18.3}]",80.8,3.69,4.96,3.26,122.1,159.32,1403773,18,"[[4, 5, 4, 5, 5, 4, 4, 11, 13, 22, 29, 55, 82, 62, 47, 43, 35, 50, 67, 81, 70, 50, 25, 10], [5, 4, 4, 4, 4, 4, 4, 11, 12, 19, 30, 52, 70, 78, 53, 37, 40, 47, 83, 91, 71, 53, 26, 9], [5, 4, 4, 5, 5, 5, 5, 9, 12, 21, 31, 65, 82, 72, 46, 34, 32, 56, 76, 74, 78, 44, 27, 11], [5, 5, 4, 5, 5, 4, 5, 8, 15, 19, 32, 52, 81, 67, 53, 37, 30, 49, 72, 85, 78, 44, 25, 9], [5, 4, 5, 4, 5, 5, 5, 9, 14, 21, 32, 58, 78, 64, 54, 44, 32, 57, 64, 91, 81, 43, 23, 10], [5, 5, 5, 5, 5, 6, 5, 13, 17, 25, 39, 72, 86, 94, 57, 44, 43, 53, 85, 100, 87, 59, 34, 12], [6, 5, 6, 5, 6, 6, 5, 10, 17, 26, 41, 70, 100, 72, 61, 48, 42, 58, 97, 100, 80, 64, 32, 13]]",1948,27.09,2.07,"[{""platform_id"": 1, ""percent"": 16.9}, {""platform_id"": 2, ""percent"": 43.1}, {""platform_id"": 3, ""percent"": 40.1}]","[{""stars"": 5, ""percent"": 18.0, ""count"": 736}, {""stars"": 4, ""percent"": 20.2, ""count"": 720}, {""stars"": 3, ""percent"": 24.7, ""count"": 880}, {""stars"": 2, ""percent"": 21.3, ""count"": 1501}, {""stars"": 1, ""percent"": 15.7, ""count"": 1106}]","[{""text"": ""Yağlı"", ""weight"": 1}, {""text"": ""Soğuk"", ""weight"": 2}, {""text"": ""Lezzetsiz"", ""weight"": 1}, {""text"": ""Bayat"", ""weight"": 2}, {""text"": ""Tatsız"", ""weight"": 5}, {""text"": ""Geç"", ""weight"": 2}]","{""restaurant_courier"": {""fee"": 28, ""avg_cost"": 34.86, ""monthly_revenue"": 4194, ""churn_label"": ""YÜKSEK""}, ""own_courier"": {""fee"": 0, ""avg_cost"": 37.85, ""monthly_revenue"": 1181160, ""churn_label"": ""ORTA""}}"
34-beylikdüzü,,2026-05-01,14.59,4.14,"[{""label"": ""Uzun bekleme"", ""color"": ""#EE4444"", ""percent"": 15.8}, {""label"": ""Yanlış ürün"", ""color"": ""#A65EEA"", ""percent"": 32.6}, {""label"": ""Lezzet"", ""color"": ""#22CCEE"", ""percent"": 8.4}, {""label"": ""Ürün stokta yok"", ""color"": ""#66DD22"", ""percent"": 9.5}, {""label"": ""Diğer"", ""color"": ""#F99F1B"", ""percent"": 33.7}]","[{""label"": ""Eksik Malzeme"", ""color"": ""#EE4444"", ""percent"": 32.5}, {""label"": ""Soğuk Geldi"", ""color"": ""#A65EEA"", ""percent"": 19.3}, {""label"": ""Yanlış Sipariş"", ""color"": ""#22CCEE"", ""percent"": 34.2}, {""label"": ""Ambalaj"", ""color"": ""#F99F1B"", ""percent"": 14.0}]",65.6,4.9,4.61,2.8,192.74,221.54,618579,20,"[[5, 4, 4, 4, 5, 5, 5, 8, 14, 22, 32, 51, 89, 64, 50, 40, 31, 51, 69, 89, 72, 47, 23, 9], [5, 4, 4, 5, 5, 4, 4, 10, 14, 17, 33, 64, 81, 64, 51, 41, 35, 53, 65, 79, 67, 56, 27, 10], [5, 4, 5, 5, 5, 4, 5, 8, 16, 19, 31, 53, 85, 66, 43, 39, 30, 55, 79, 79, 74, 48, 28, 9], [4, 5, 4, 5, 5, 4, 5, 9, 15, 19, 30, 58, 85, 66, 43, 42, 30, 56, 77, 89, 84, 50, 25, 9], [5, 4, 4, 5, 4, 5, 4, 10, 15, 22, 28, 58, 74, 72, 46, 40, 30, 48, 73, 78, 82, 44, 28, 11], [5, 5, 6, 5, 6, 6, 6, 11, 16, 26, 34, 65, 100, 89, 56, 49, 39, 52, 90, 100, 79, 55, 29, 12], [5, 6, 6, 5, 5, 5, 6, 12, 18, 23, 36, 63, 96, 96, 62, 46, 44, 59, 93, 100, 83, 53, 30, 13]]",1019,20.94,3.09,"[{""platform_id"": 1, ""percent"": 35.9}, {""platform_id"": 2, ""percent"": 36.5}, {""platform_id"": 3, ""percent"": 27.6}]","[{""stars"": 5, ""percent"": 24.6, ""count"": 1410}, {""stars"": 4, ""percent"": 23.8, ""count"": 2146}, {""stars"": 3, ""percent"": 21.3, ""count"": 598}, {""stars"": 2, ""percent"": 22.1, ""count"": 1053}, {""stars"": 1, ""percent"": 8.2, ""count"": 640}]","[{""text"": ""Kötü"", ""weight"": 1}, {""text"": ""Yağlı"", ""weight"": 3}, {""text"": ""Soğuk"", ""weight"": 1}, {""text"": ""Az porsiyon"", ""weight"": 5}, {""text"": ""Bayat"", ""weight"": 4}, {""text"": ""Eksik"", ""weight"": 5}]","{""restaurant_courier"": {""fee"": 22, ""avg_cost"": 33.27, ""monthly_revenue"": 5039, ""churn_label"": ""ORTA""}, ""own_courier"": {""fee"": 0, ""avg_cost"": 38.05, ""monthly_revenue"": 821089, ""churn_label"": ""DÜŞÜK""}}"
34-büyükçekmece,,2026-05-01,15.01,6.33,"[{""label"": ""Uzun bekleme"", ""color"": ""#EE4444"", ""percent"": 24.4}, {""label"": ""Yanlış ürün"", ""color"": ""#A65EEA"", ""percent"": 14.4}, {""label"": ""Lezzet"", ""color"": ""#22CCEE"", ""percent"": 31.1}, {""label"": ""Ürün stokta yok"", ""color"": ""#66DD22"", ""percent"": 13.3}, {""label"": ""Diğer"", ""color"": ""#F99F1B"", ""percent"": 16.7}]","[{""label"": ""Eksik Malzeme"", ""color"": ""#EE4444"", ""percent"": 28.7}, {""label"": ""Soğuk Geldi"", ""color"": ""#A65EEA"", ""percent"": 14.8}, {""label"": ""Yanlış Sipariş"", ""color"": ""#22CCEE"", ""percent"": 32.4}, {""label"": ""Ambalaj"", ""color"": ""#F99F1B"", ""percent"": 24.1}]",64.7,4.61,4.63,3.01,120.11,137.44,556008,18,"[[4, 4, 5, 5, 4, 4, 4, 10, 13, 22, 29, 66, 73, 67, 48, 35, 35, 43, 80, 80, 85, 43, 21, 10], [4, 5, 4, 4, 4, 4, 4, 9, 16, 18, 34, 51, 90, 80, 43, 42, 39, 56, 70, 89, 65, 54, 27, 10], [5, 4, 5, 4, 5, 5, 4, 9, 16, 20, 31, 63, 70, 77, 51, 36, 34, 43, 82, 74, 71, 44, 27, 8], [5, 5, 4, 5, 4, 5, 5, 8, 14, 20, 25, 53, 84, 76, 57, 43, 32, 54, 85, 77, 78, 47, 28, 10], [5, 5, 4, 4, 5, 4, 5, 8, 17, 21, 32, 63, 77, 65, 44, 38, 32, 54, 82, 89, 65, 46, 27, 10], [6, 6, 5, 6, 5, 5, 5, 12, 15, 22, 38, 70, 100, 81, 59, 53, 43, 62, 100, 91, 94, 57, 31, 10], [6, 6, 5, 6, 6, 6, 5, 12, 19, 24, 34, 64, 100, 77, 56, 54, 45, 62, 89, 100, 95, 52, 31, 11]]",1682,20.91,2.64,"[{""platform_id"": 1, ""percent"": 16.5}, {""platform_id"": 2, ""percent"": 42.9}, {""platform_id"": 3, ""percent"": 40.6}]","[{""stars"": 5, ""percent"": 33.3, ""count"": 2590}, {""stars"": 4, ""percent"": 11.4, ""count"": 828}, {""stars"": 3, ""percent"": 29.5, ""count"": 1550}, {""stars"": 2, ""percent"": 13.3, ""count"": 322}, {""stars"": 1, ""percent"": 12.4, ""count"": 793}]","[{""text"": ""Soğuk"", ""weight"": 4}, {""text"": ""Yağlı"", ""weight"": 2}, {""text"": ""Tatsız"", ""weight"": 5}, {""text"": ""Eksik"", ""weight"": 5}, {""text"": ""Pahalı"", ""weight"": 4}, {""text"": ""Lezzetsiz"", ""weight"": 5}]","{""restaurant_courier"": {""fee"": 24, ""avg_cost"": 33.64, ""monthly_revenue"": 4415, ""churn_label"": ""YÜKSEK""}, ""own_courier"": {""fee"": 0, ""avg_cost"": 39.24, ""monthly_revenue"": 974127, ""churn_label"": ""DÜŞÜK""}}"
34-arnavutköy,,2026-05-01,12.8,10.65,"[{""label"": ""Uzun bekleme"", ""color"": ""#EE4444"", ""percent"": 29.3}, {""label"": ""Yanlış ürün"", ""color"": ""#A65EEA"", ""percent"": 8.5}, {""label"": ""Lezzet"", ""color"": ""#22CCEE"", ""percent"": 17.1}, {""label"": ""Ürün stokta yok"", ""color"": ""#66DD22"", ""percent"": 12.2}, {""label"": ""Diğer"", ""color"": ""#F99F1B"", ""percent"": 32.9}]","[{""label"": ""Eksik Malzeme"", ""color"": ""#EE4444"", ""percent"": 29.3}, {""label"": ""Soğuk Geldi"", ""color"": ""#A65EEA"", ""percent"": 25.2}, {""label"": ""Yanlış Sipariş"", ""color"": ""#22CCEE"", ""percent"": 24.5}, {""label"": ""Ambalaj"", ""color"": ""#F99F1B"", ""percent"": 21.1}]",76.9,4.48,4.64,3.93,182.1,177.48,483656,16,"[[4, 5, 5, 4, 5, 4, 5, 11, 17, 17, 29, 51, 81, 62, 55, 35, 30, 47, 70, 75, 80, 52, 27, 9], [5, 5, 5, 5, 5, 4, 4, 10, 13, 21, 32, 60, 82, 70, 48, 38, 34, 54, 71, 76, 79, 44, 22, 11], [5, 4, 5, 5, 4, 5, 5, 9, 16, 17, 31, 57, 75, 66, 44, 39, 34, 53, 69, 75, 77, 52, 27, 9], [4, 5, 4, 4, 5, 5, 5, 10, 13, 21, 31, 57, 89, 61, 44, 41, 33, 43, 71, 90, 63, 47, 24, 9], [5, 4, 4, 4, 5, 5, 4, 10, 15, 17, 30, 64, 82, 62, 45, 44, 30, 50, 77, 77, 74, 46, 22, 9], [6, 5, 5, 5, 5, 6, 6, 12, 16, 24, 31, 76, 92, 75, 68, 50, 37, 54, 94, 100, 79, 66, 27, 12], [6, 5, 6, 6, 5, 6, 6, 11, 17, 23, 37, 76, 100, 75, 51, 42, 38, 57, 95, 100, 92, 63, 29, 13]]",1084,18.71,2.71,"[{""platform_id"": 1, ""percent"": 36.2}, {""platform_id"": 2, ""percent"": 31.8}, {""platform_id"": 3, ""percent"": 32.0}]","[{""stars"": 5, ""percent"": 22.6, ""count"": 1612}, {""stars"": 4, ""percent"": 10.4, ""count"": 744}, {""stars"": 3, ""percent"": 18.3, ""count"": 1596}, {""stars"": 2, ""percent"": 28.7, ""count"": 1683}, {""stars"": 1, ""percent"": 20.0, ""count"": 1771}]","[{""text"": ""Tatsız"", ""weight"": 1}, {""text"": ""Soğuk"", ""weight"": 5}, {""text"": ""Bayat"", ""weight"": 1}, {""text"": ""Pahalı"", ""weight"": 1}, {""text"": ""Lezzetsiz"", ""weight"": 2}, {""text"": ""Geç"", ""weight"": 1}]","{""restaurant_courier"": {""fee"": 28, ""avg_cost"": 31.17, ""monthly_revenue"": 3030, ""churn_label"": ""YÜKSEK""}, ""own_courier"": {""fee"": 0, ""avg_cost"": 34.11, ""monthly_revenue"": 1268467, ""churn_label"": ""ORTA""}}"
34-üsküdar,,2026-05-01,14.1,10.11,"[{""label"": ""Uzun bekleme"", ""color"": ""#EE4444"", ""percent"": 24.8}, {""label"": ""Yanlış ürün"", ""color"": ""#A65EEA"", ""percent"": 17.8}, {""label"": ""Lezzet"", ""color"": ""#22CCEE"", ""percent"": 24.8}, {""label"": ""Ürün stokta yok"", ""color"": ""#66DD22"", ""percent"": 24.0}, {""label"": ""Diğer"", ""color"": ""#F99F1B"", ""percent"": 8.5}]","[{""label"": ""Eksik Malzeme"", ""color"": ""#EE4444"", ""percent"": 8.9}, {""label"": ""Soğuk Geldi"", ""color"": ""#A65EEA"", ""percent"": 27.4}, {""label"": ""Yanlış Sipariş"", ""color"": ""#22CCEE"", ""percent"": 34.1}, {""label"": ""Ambalaj"", ""color"": ""#F99F1B"", ""percent"": 29.6}]",80.3,4.34,4.98,3.52,95.39,188.23,620878,22,"[[4, 4, 5, 4, 4, 5, 5, 9, 15, 17, 30, 57, 89, 67, 51, 45, 33, 48, 82, 84, 69, 44, 22, 10], [5, 5, 4, 5, 4, 4, 5, 10, 14, 18, 34, 54, 83, 73, 45, 43, 35, 47, 68, 78, 83, 55, 22, 9], [4, 4, 5, 4, 4, 5, 5, 9, 15, 21, 30, 56, 85, 77, 56, 43, 34, 54, 76, 95, 68, 44, 24, 10], [4, 5, 4, 5, 4, 5, 4, 10, 15, 21, 32, 57, 77, 74, 48, 41, 30, 54, 64, 90, 81, 52, 22, 10], [5, 5, 4, 5, 5, 5, 4, 9, 13, 21, 34, 62, 68, 77, 43, 34, 38, 48, 70, 73, 77, 54, 23, 9], [6, 6, 6, 5, 6, 6, 6, 13, 20, 24, 36, 65, 100, 72, 52, 42, 37, 58, 93, 100, 90, 64, 31, 11], [6, 5, 6, 6, 6, 5, 5, 12, 19, 27, 34, 65, 99, 86, 61, 44, 38, 60, 83, 100, 100, 66, 30, 10]]",502,17.05,2.12,"[{""platform_id"": 1, ""percent"": 42.8}, {""platform_id"": 2, ""percent"": 16.9}, {""platform_id"": 3, ""percent"": 40.3}]","[{""stars"": 5, ""percent"": 17.9, ""count"": 1343}, {""stars"": 4, ""percent"": 31.6, ""count"": 2310}, {""stars"": 3, ""percent"": 24.2, ""count"": 529}, {""stars"": 2, ""percent"": 11.6, ""count"": 616}, {""stars"": 1, ""percent"": 14.7, ""count"": 336}]","[{""text"": ""Soğuk"", ""weight"": 3}, {""text"": ""Yağlı"", ""weight"": 4}, {""text"": ""Bayat"", ""weight"": 2}, {""text"": ""Pahalı"", ""weight"": 4}, {""text"": ""Az porsiyon"", ""weight"": 1}, {""text"": ""Kötü"", ""weight"": 1}]","{""restaurant_courier"": {""fee"": 24, ""avg_cost"": 29.01, ""monthly_revenue"": 4210, ""churn_label"": ""ORTA""}, ""own_courier"": {""fee"": 0, ""avg_cost"": 35.59, ""monthly_revenue"": 1248892, ""churn_label"": ""ORTA""}}"
34-kadıköy,,2026-05-01,16.18,6.69,"[{""label"": ""Uzun bekleme"", ""color"": ""#EE4444"", ""percent"": 19.5}, {""label"": ""Yanlış ürün"", ""color"": ""#A65EEA"", ""percent"": 33.3}, {""label"": ""Lezzet"", ""color"": ""#22CCEE"", ""percent"": 26.4}, {""label"": ""Ürün stokta yok"", ""color"": ""#66DD22"", ""percent"": 14.9}, {""label"": ""Diğer"", ""color"": ""#F99F1B"", ""percent"": 5.7}]","[{""label"": ""Eksik Malzeme"", ""color"": ""#EE4444"", ""percent"": 37.6}, {""label"": ""Soğuk Geldi"", ""color"": ""#A65EEA"", ""percent"": 24.8}, {""label"": ""Yanlış Sipariş"", ""color"": ""#22CCEE"", ""percent"": 24.8}, {""label"": ""Ambalaj"", ""color"": ""#F99F1B"", ""percent"": 12.8}]",63.6,4.67,4.7,3.91,209.33,128.35,443329,16,"[[4, 5, 5, 5, 4, 5, 4, 8, 13, 21, 30, 67, 76, 70, 57, 39, 37, 56, 68, 92, 85, 43, 24, 11], [5, 4, 4, 5, 5, 4, 4, 11, 13, 21, 31, 61, 68, 73, 46, 40, 39, 57, 69, 77, 79, 49, 25, 10], [5, 5, 4, 4, 4, 5, 5, 10, 13, 20, 34, 66, 86, 74, 51, 36, 37, 49, 65, 95, 67, 47, 27, 9], [5, 4, 4, 4, 5, 5, 5, 8, 13, 22, 30, 60, 87, 73, 46, 45, 34, 52, 66, 83, 78, 45, 22, 9], [5, 5, 4, 5, 5, 5, 5, 10, 16, 18, 28, 52, 78, 61, 55, 36, 34, 50, 73, 94, 76, 50, 27, 9], [5, 6, 5, 6, 5, 5, 5, 12, 15, 27, 35, 71, 86, 92, 53, 49, 39, 52, 81, 100, 84, 64, 29, 10], [5, 5, 5, 6, 5, 5, 6, 12, 18, 25, 39, 71, 100, 88, 56, 54, 45, 67, 87, 96, 94, 67, 30, 13]]",1180,17.21,2.15,"[{""platform_id"": 1, ""percent"": 36.6}, {""platform_id"": 2, ""percent"": 28.5}, {""platform_id"": 3, ""percent"": 34.9}]","[{""stars"": 5, ""percent"": 29.6, ""count"": 2312}, {""stars"": 4, ""percent"": 14.8, ""count"": 1037}, {""stars"": 3, ""percent"": 16.5, ""count"": 1216}, {""stars"": 2, ""percent"": 10.4, ""count"": 804}, {""stars"": 1, ""percent"": 28.7, ""count"": 2244}]","[{""text"": ""Eksik"", ""weight"": 1}, {""text"": ""Geç"", ""weight"": 5}, {""text"": ""Tatsız"", ""weight"": 4}, {""text"": ""Yağlı"", ""weight"": 3}, {""text"": ""Kötü"", ""weight"": 3}, {""text"": ""Az porsiyon"", ""weight"": 1}]","{""restaurant_courier"": {""fee"": 24, ""avg_cost"": 31.8, ""monthly_revenue"": 5541, ""churn_label"": ""YÜKSEK""}, ""own_courier"": {""fee"": 0, ""avg_cost"": 35.44, ""monthly_revenue"": 983671, ""churn_label"": ""DÜŞÜK""}}"
34-ataşehir,,2026-05-01,10.84,4.33,"[{""label"": ""Uzun bekleme"", ""color"": ""#EE4444"", ""percent"": 15.7}, {""label"": ""Yanlış ürün"", ""color"": ""#A65EEA"", ""percent"": 11.4}, {""label"": ""Lezzet"", ""color"": ""#22CCEE"", ""percent"": 47.1}, {""label"": ""Ürün stokta yok"", ""color"": ""#66DD22"", ""percent"": 12.9}, {""label"": ""Diğer"", ""color"": ""#F99F1B"", ""percent"": 12.9}]","[{""label"": ""Eksik Malzeme"", ""color"": ""#EE4444"", ""percent"": 14.0}, {""label"": ""Soğuk Geldi"", ""color"": ""#A65EEA"", ""percent"": 46.0}, {""label"": ""Yanlış Sipariş"", ""color"": ""#22CCEE"", ""percent"": 19.0}, {""label"": ""Ambalaj"", ""color"": ""#F99F1B"", ""percent"": 21.0}]",74.4,4.67,4.57,3.63,202.24,197.42,1256628,20,"[[4, 4, 5, 4, 4, 4, 4, 10, 15, 17, 26, 65, 78, 68, 52, 43, 36, 43, 82, 81, 70, 55, 22, 9], [5, 4, 5, 4, 4, 5, 4, 9, 15, 17, 29, 68, 68, 59, 49, 41, 40, 55, 67, 91, 75, 56, 23, 10], [4, 4, 5, 4, 4, 4, 5, 9, 15, 22, 28, 59, 73, 63, 47, 39, 36, 43, 78, 75, 72, 50, 22, 10], [5, 4, 5, 5, 4, 5, 5, 11, 14, 22, 32, 62, 76, 76, 46, 37, 38, 54, 83, 82, 78, 53, 27, 8], [5, 4, 4, 4, 4, 4, 5, 9, 13, 21, 29, 63, 90, 60, 50, 43, 37, 43, 67, 82, 79, 47, 24, 8], [5, 5, 5, 6, 5, 6, 6, 10, 16, 26, 32, 76, 89, 72, 59, 51, 45, 59, 83, 89, 78, 51, 33, 11], [5, 6, 5, 6, 5, 5, 6, 13, 15, 25, 35, 62, 100, 94, 64, 54, 38, 51, 82, 100, 78, 55, 26, 13]]",1718,29.1,2.21,"[{""platform_id"": 1, ""percent"": 39.6}, {""platform_id"": 2, ""percent"": 13.2}, {""platform_id"": 3, ""percent"": 47.2}]","[{""stars"": 5, ""percent"": 23.1, ""count"": 621}, {""stars"": 4, ""percent"": 8.5, ""count"": 300}, {""stars"": 3, ""percent"": 28.2, ""count"": 1023}, {""stars"": 2, ""percent"": 17.1, ""count"": 1300}, {""stars"": 1, ""percent"": 23.1, ""count"": 1809}]","[{""text"": ""Bayat"", ""weight"": 3}, {""text"": ""Geç"", ""weight"": 3}, {""text"": ""Az porsiyon"", ""weight"": 3}, {""text"": ""Lezzetsiz"", ""weight"": 2}, {""text"": ""Eksik"", ""weight"": 2}, {""text"": ""Yağlı"", ""weight"": 1}]","{""restaurant_courier"": {""fee"": 22, ""avg_cost"": 31.66, ""monthly_revenue"": 5702, ""churn_label"": ""ORTA""}, ""own_courier"": {""fee"": 0, ""avg_cost"": 35.97, ""monthly_revenue"": 1035715, ""churn_label"": ""DÜŞÜK""}}"
34-ümraniye,,2026-05-01,16.37,4.28,"[{""label"": ""Uzun bekleme"", ""color"": ""#EE4444"", ""percent"": 30.7}, {""label"": ""Yanlış ürün"", ""color"": ""#A65EEA"", ""percent"": 24.8}, {""label"": ""Lezzet"", ""color"": ""#22CCEE"", ""percent"": 17.8}, {""label"": ""Ürün stokta yok"", ""color"": ""#66DD22"", ""percent"": 10.9}, {""label"": ""Diğer"", ""color"": ""#F99F1B"", ""percent"": 15.8}]","[{""label"": ""Eksik Malzeme"", ""color"": ""#EE4444"", ""percent"": 28.6}, {""label"": ""Soğuk Geldi"", ""color"": ""#A65EEA"", ""percent"": 28.0}, {""label"": ""Yanlış Sipariş"", ""color"": ""#22CCEE"", ""percent"": 16.1}, {""label"": ""Ambalaj"", ""color"": ""#F99F1B"", ""percent"": 27.3}]",85.9,4.37,4.9,3.8,162.93,138.2,1051805,18,"[[5, 4, 4, 4, 4, 5, 5, 11, 14, 19, 27, 51, 80, 78, 44, 37, 34, 51, 79, 78, 75, 47, 28, 9], [5, 5, 4, 5, 4, 4, 4, 9, 13, 18, 33, 56, 74, 69, 43, 37, 34, 46, 77, 94, 77, 45, 24, 8], [4, 5, 5, 5, 5, 4, 5, 9, 16, 17, 30, 59, 87, 61, 47, 37, 39, 51, 77, 93, 75, 43, 22, 9], [5, 5, 4, 5, 4, 4, 4, 8, 16, 22, 33, 52, 68, 73, 48, 37, 36, 54, 86, 95, 75, 50, 22, 10], [5, 5, 4, 4, 4, 5, 4, 11, 15, 21, 32, 65, 84, 59, 54, 41, 31, 54, 74, 94, 84, 52, 22, 10], [6, 5, 6, 6, 6, 6, 6, 11, 17, 20, 41, 70, 86, 75, 51, 44, 47, 68, 99, 100, 88, 60, 31, 12], [6, 6, 6, 6, 5, 6, 6, 11, 16, 21, 40, 73, 98, 96, 52, 51, 43, 63, 87, 100, 88, 66, 33, 13]]",299,18.27,2.82,"[{""platform_id"": 1, ""percent"": 49.9}, {""platform_id"": 2, ""percent"": 27.9}, {""platform_id"": 3, ""percent"": 22.3}]","[{""stars"": 5, ""percent"": 13.8, ""count"": 464}, {""stars"": 4, ""percent"": 22.4, ""count"": 962}, {""stars"": 3, ""percent"": 21.6, ""count"": 1750}, {""stars"": 2, ""percent"": 16.4, ""count"": 1064}, {""stars"": 1, ""percent"": 25.9, ""count"": 840}]","[{""text"": ""Pahalı"", ""weight"": 5}, {""text"": ""Soğuk"", ""weight"": 2}, {""text"": ""Eksik"", ""weight"": 2}, {""text"": ""Geç"", ""weight"": 2}, {""text"": ""Yağlı"", ""weight"": 4}, {""text"": ""Bayat"", ""weight"": 1}]","{""restaurant_courier"": {""fee"": 26, ""avg_cost"": 33.22, ""monthly_revenue"": 3289, ""churn_label"": ""YÜKSEK""}, ""own_courier"": {""fee"": 0, ""avg_cost"": 36.42, ""monthly_revenue"": 1170442, ""churn_label"": ""DÜŞÜK""}}"
34-maltepe,,2026-05-01,13.92,8.06,"[{""label"": ""Uzun bekleme"", ""color"": ""#EE4444"", ""percent"": 9.5}, {""label"": ""Yanlış ürün"", ""color"": ""#A65EEA"", ""percent"": 17.9}, {""label"": ""Lezzet"", ""color"": ""#22CCEE"", ""percent"": 13.7}, {""label"": ""Ürün stokta yok"", ""color"": ""#66DD22"", ""percent"": 23.2}, {""label"": ""Diğer"", ""color"": ""#F99F1B"", ""percent"": 35.8}]","[{""label"": ""Eksik Malzeme"", ""color"": ""#EE4444"", ""percent"": 33.1}, {""label"": ""Soğuk Geldi"", ""color"": ""#A65EEA"", ""percent"": 29.3}, {""label"": ""Yanlış Sipariş"", ""color"": ""#22CCEE"", ""percent"": 27.1}, {""label"": ""Ambalaj"", ""color"": ""#F99F1B"", ""percent"": 10.5}]",71.3,3.67,4.78,3.53,204.4,144.31,1287679,18,"[[4, 4, 4, 5, 4, 4, 5, 11, 16, 17, 25, 67, 82, 62, 52, 42, 38, 56, 73, 80, 84, 49, 28, 8], [5, 4, 4, 4, 5, 4, 5, 9, 12, 21, 29, 52, 82, 74, 44, 37, 37, 51, 82, 76, 82, 52, 26, 10], [4, 5, 4, 5, 4, 4, 4, 9, 15, 17, 26, 57, 91, 70, 47, 38, 33, 43, 77, 84, 65, 53, 26, 9], [5, 5, 5, 4, 4, 4, 4, 9, 17, 19, 25, 64, 78, 74, 57, 45, 38, 44, 78, 88, 64, 45, 24, 10], [4, 4, 5, 4, 5, 4, 5, 9, 15, 17, 32, 57, 78, 72, 54, 36, 36, 48, 65, 75, 78, 42, 22, 10], [5, 6, 5, 5, 6, 6, 5, 11, 18, 22, 39, 70, 89, 92, 51, 54, 40, 61, 81, 100, 77, 63, 28, 10], [6, 5, 6, 6, 5, 5, 5, 13, 17, 24, 31, 79, 94, 93, 66, 48, 41, 61, 90, 100, 79, 67, 29, 10]]",640,19.54,2.7,"[{""platform_id"": 1, ""percent"": 21.7}, {""platform_id"": 2, ""percent"": 31.9}, {""platform_id"": 3, ""percent"": 46.4}]","[{""stars"": 5, ""percent"": 24.4, ""count"": 899}, {""stars"": 4, ""percent"": 16.0, ""count"": 1501}, {""stars"": 3, ""percent"": 8.4, ""count"": 290}, {""stars"": 2, ""percent"": 24.4, ""count"": 1450}, {""stars"": 1, ""percent"": 26.9, ""count"": 1632}]","[{""text"": ""Pahalı"", ""weight"": 4}, {""text"": ""Eksik"", ""weight"": 1}, {""text"": ""Geç"", ""weight"": 1}, {""text"": ""Kötü"", ""weight"": 5}, {""text"": ""Yağlı"", ""weight"": 3}, {""text"": ""Az porsiyon"", ""weight"": 5}]","{""restaurant_courier"": {""fee"": 28, ""avg_cost"": 33.3, ""monthly_revenue"": 3275, ""churn_label"": ""YÜKSEK""}, ""own_courier"": {""fee"": 0, ""avg_cost"": 35.64, ""monthly_revenue"": 1117255, ""churn_label"": ""DÜŞÜK""}}"
34-kartal,,2026-05-01,12.84,8.55,"[{""label"": ""Uzun bekleme"", ""color"": ""#EE4444"", ""percent"": 15.0}, {""label"": ""Yanlış ürün"", ""color"": ""#A65EEA"", ""percent"": 21.2}, {""label"": ""Lezzet"", ""color"": ""#22CCEE"", ""percent"": 16.2}, {""label"": ""Ürün stokta yok"", ""color"": ""#66DD22"", ""percent"": 18.8}, {""label"": ""Diğer"", ""color"": ""#F99F1B"", ""percent"": 28.7}]","[{""label"": ""Eksik Malzeme"", ""color"": ""#EE4444"", ""percent"": 18.5}, {""label"": ""Soğuk Geldi"", ""color"": ""#A65EEA"", ""percent"": 13.9}, {""label"": ""Yanlış Sipariş"", ""color"": ""#22CCEE"", ""percent"": 38.0}, {""label"": ""Ambalaj"", ""color"": ""#F99F1B"", ""percent"": 29.6}]",83.7,4.26,4.79,2.96,161.93,135.85,1002152,24,"[[4, 4, 4, 5, 5, 4, 4, 9, 15, 21, 27, 58, 73, 79, 53, 36, 37, 42, 75, 81, 78, 45, 28, 9], [5, 5, 5, 4, 5, 5, 5, 10, 14, 17, 32, 54, 69, 61, 54, 41, 33, 47, 77, 91, 63, 54, 27, 9], [4, 4, 5, 4, 4, 5, 4, 11, 13, 21, 33, 68, 72, 76, 42, 45, 37, 45, 84, 75, 81, 53, 27, 9], [4, 5, 4, 5, 4, 5, 5, 11, 14, 19, 30, 68, 72, 63, 46, 39, 36, 50, 73, 77, 79, 46, 22, 10], [4, 4, 4, 4, 5, 4, 4, 8, 15, 20, 28, 63, 79, 76, 48, 37, 39, 55, 73, 80, 75, 46, 25, 8], [6, 5, 6, 6, 5, 5, 6, 13, 19, 20, 34, 63, 100, 72, 67, 42, 46, 56, 84, 100, 99, 53, 29, 13], [6, 5, 5, 5, 5, 6, 5, 13, 16, 26, 37, 72, 84, 92, 64, 46, 37, 52, 81, 91, 83, 57, 32, 13]]",852,26.49,2.42,"[{""platform_id"": 1, ""percent"": 30.1}, {""platform_id"": 2, ""percent"": 38.0}, {""platform_id"": 3, ""percent"": 31.9}]","[{""stars"": 5, ""percent"": 22.1, ""count"": 1431}, {""stars"": 4, ""percent"": 26.2, ""count"": 1568}, {""stars"": 3, ""percent"": 23.8, ""count"": 1595}, {""stars"": 2, ""percent"": 12.3, ""count"": 480}, {""stars"": 1, ""percent"": 15.6, ""count"": 874}]","[{""text"": ""Yağlı"", ""weight"": 1}, {""text"": ""Eksik"", ""weight"": 2}, {""text"": ""Soğuk"", ""weight"": 1}, {""text"": ""Tatsız"", ""weight"": 3}, {""text"": ""Lezzetsiz"", ""weight"": 1}, {""text"": ""Az porsiyon"", ""weight"": 2}]","{""restaurant_courier"": {""fee"": 24, ""avg_cost"": 33.11, ""monthly_revenue"": 4582, ""churn_label"": ""YÜKSEK""}, ""own_courier"": {""fee"": 0, ""avg_cost"": 35.4, ""monthly_revenue"": 1008155, ""churn_label"": ""DÜŞÜK""}}"
34-pendik,,2026-05-01,7.76,9.8,"[{""label"": ""Uzun bekleme"", ""color"": ""#EE4444"", ""percent"": 11.3}, {""label"": ""Yanlış ürün"", ""color"": ""#A65EEA"", ""percent"": 20.8}, {""label"": ""Lezzet"", ""color"": ""#22CCEE"", ""percent"": 20.8}, {""label"": ""Ürün stokta yok"", ""color"": ""#66DD22"", ""percent"": 28.3}, {""label"": ""Diğer"", ""color"": ""#F99F1B"", ""percent"": 18.9}]","[{""label"": ""Eksik Malzeme"", ""color"": ""#EE4444"", ""percent"": 27.9}, {""label"": ""Soğuk Geldi"", ""color"": ""#A65EEA"", ""percent"": 17.8}, {""label"": ""Yanlış Sipariş"", ""color"": ""#22CCEE"", ""percent"": 31.0}, {""label"": ""Ambalaj"", ""color"": ""#F99F1B"", ""percent"": 23.3}]",67.7,3.73,4.61,3.18,118.54,116.01,1328195,18,"[[5, 5, 5, 4, 5, 4, 4, 10, 16, 19, 33, 56, 89, 76, 53, 39, 30, 49, 74, 91, 71, 50, 28, 11], [5, 4, 4, 5, 4, 5, 4, 11, 15, 17, 25, 51, 76, 73, 46, 43, 37, 49, 78, 93, 80, 53, 23, 10], [5, 5, 5, 5, 5, 5, 4, 11, 17, 22, 30, 56, 70, 64, 48, 34, 31, 46, 73, 85, 78, 50, 23, 11], [5, 5, 5, 5, 4, 4, 4, 9, 15, 19, 30, 61, 68, 68, 44, 44, 39, 54, 64, 82, 69, 47, 24, 11], [5, 4, 5, 4, 4, 4, 4, 9, 15, 21, 25, 66, 79, 69, 50, 43, 32, 51, 76, 89, 73, 51, 28, 9], [5, 6, 6, 5, 6, 5, 6, 12, 17, 25, 39, 67, 100, 75, 56, 45, 42, 57, 100, 95, 80, 51, 30, 11], [6, 6, 6, 5, 5, 6, 5, 11, 19, 23, 32, 67, 97, 77, 61, 45, 37, 59, 84, 98, 76, 51, 30, 12]]",1442,24.25,2.1,"[{""platform_id"": 1, ""percent"": 32.6}, {""platform_id"": 2, ""percent"": 28.6}, {""platform_id"": 3, ""percent"": 38.8}]","[{""stars"": 5, ""percent"": 25.4, ""count"": 2144}, {""stars"": 4, ""percent"": 24.6, ""count"": 775}, {""stars"": 3, ""percent"": 11.9, ""count"": 360}, {""stars"": 2, ""percent"": 20.6, ""count"": 1924}, {""stars"": 1, ""percent"": 17.5, ""count"": 880}]","[{""text"": ""Soğuk"", ""weight"": 2}, {""text"": ""Az porsiyon"", ""weight"": 3}, {""text"": ""Bayat"", ""weight"": 3}, {""text"": ""Yağlı"", ""weight"": 3}, {""text"": ""Tatsız"", ""weight"": 5}, {""text"": ""Kötü"", ""weight"": 5}]","{""restaurant_courier"": {""fee"": 22, ""avg_cost"": 29.34, ""monthly_revenue"": 3961, ""churn_label"": ""ORTA""}, ""own_courier"": {""fee"": 0, ""avg_cost"": 38.76, ""monthly_revenue"": 1075742, ""churn_label"": ""DÜŞÜK""}}"
34-tuzla,,2026-05-01,16.99,11.57,"[{""label"": ""Uzun bekleme"", ""color"": ""#EE4444"", ""percent"": 25.0}, {""label"": ""Yanlış ürün"", ""color"": ""#A65EEA"", ""percent"": 15.5}, {""label"": ""Lezzet"", ""color"": ""#22CCEE"", ""percent"": 19.8}, {""label"": ""Ürün stokta yok"", ""color"": ""#66DD22"", ""percent"": 28.4}, {""label"": ""Diğer"", ""color"": ""#F99F1B"", ""percent"": 11.2}]","[{""label"": ""Eksik Malzeme"", ""color"": ""#EE4444"", ""percent"": 25.4}, {""label"": ""Soğuk Geldi"", ""color"": ""#A65EEA"", ""percent"": 9.0}, {""label"": ""Yanlış Sipariş"", ""color"": ""#22CCEE"", ""percent"": 39.3}, {""label"": ""Ambalaj"", ""color"": ""#F99F1B"", ""percent"": 26.2}]",82.4,3.99,4.5,3.17,111.78,100.49,790060,16,"[[5, 4, 4, 4, 4, 5, 5, 9, 16, 22, 27, 67, 75, 75, 56, 36, 33, 52, 71, 75, 69, 47, 26, 9], [4, 4, 4, 5, 4, 5, 4, 11, 15, 17, 29, 64, 86, 71, 44, 40, 36, 50, 77, 78, 69, 46, 25, 9], [4, 4, 5, 4, 4, 4, 5, 9, 15, 20, 33, 65, 83, 78, 45, 35, 33, 50, 77, 78, 82, 49, 22, 11], [4, 4, 5, 4, 4, 4, 4, 8, 14, 18, 29, 63, 80, 63, 43, 34, 35, 52, 76, 74, 81, 56, 28, 9], [4, 5, 5, 4, 4, 4, 4, 10, 14, 19, 26, 57, 79, 69, 53, 39, 36, 45, 75, 80, 66, 52, 27, 11], [6, 5, 6, 5, 6, 5, 6, 11, 18, 27, 39, 68, 90, 93, 63, 53, 39, 62, 100, 100, 96, 55, 31, 12], [6, 6, 6, 5, 5, 6, 6, 10, 15, 25, 37, 81, 86, 74, 52, 50, 44, 57, 95, 93, 80, 63, 26, 11]]",625,24.77,2.22,"[{""platform_id"": 1, ""percent"": 19.3}, {""platform_id"": 2, ""percent"": 58.5}, {""platform_id"": 3, ""percent"": 22.2}]","[{""stars"": 5, ""percent"": 23.1, ""count"": 1632}, {""stars"": 4, ""percent"": 24.0, ""count"": 1375}, {""stars"": 3, ""percent"": 18.3, ""count"": 1368}, {""stars"": 2, ""percent"": 19.2, ""count"": 1300}, {""stars"": 1, ""percent"": 15.4, ""count"": 784}]","[{""text"": ""Yağlı"", ""weight"": 2}, {""text"": ""Bayat"", ""weight"": 4}, {""text"": ""Geç"", ""weight"": 4}, {""text"": ""Az porsiyon"", ""weight"": 1}, {""text"": ""Tatsız"", ""weight"": 1}, {""text"": ""Kötü"", ""weight"": 5}]","{""restaurant_courier"": {""fee"": 26, ""avg_cost"": 29.73, ""monthly_revenue"": 4349, ""churn_label"": ""ORTA""}, ""own_courier"": {""fee"": 0, ""avg_cost"": 37.9, ""monthly_revenue"": 600353, ""churn_label"": ""ORTA""}}"
34-sultanbeyli,,2026-05-01,8.41,10.62,"[{""label"": ""Uzun bekleme"", ""color"": ""#EE4444"", ""percent"": 6.8}, {""label"": ""Yanlış ürün"", ""color"": ""#A65EEA"", ""percent"": 29.1}, {""label"": ""Lezzet"", ""color"": ""#22CCEE"", ""percent"": 17.5}, {""label"": ""Ürün stokta yok"", ""color"": ""#66DD22"", ""percent"": 26.2}, {""label"": ""Diğer"", ""color"": ""#F99F1B"", ""percent"": 20.4}]","[{""label"": ""Eksik Malzeme"", ""color"": ""#EE4444"", ""percent"": 34.2}, {""label"": ""Soğuk Geldi"", ""color"": ""#A65EEA"", ""percent"": 32.9}, {""label"": ""Yanlış Sipariş"", ""color"": ""#22CCEE"", ""percent"": 7.5}, {""label"": ""Ambalaj"", ""color"": ""#F99F1B"", ""percent"": 25.3}]",63.1,3.53,4.81,2.94,181.69,128.16,643909,22,"[[5, 4, 5, 5, 5, 5, 4, 10, 13, 17, 33, 58, 79, 80, 43, 44, 34, 56, 69, 87, 83, 49, 25, 10], [5, 4, 5, 4, 5, 5, 4, 10, 15, 18, 28, 60, 91, 69, 42, 36, 34, 48, 66, 77, 65, 44, 24, 8], [5, 4, 5, 4, 5, 4, 5, 10, 13, 21, 26, 61, 71, 64, 44, 34, 33, 47, 65, 77, 73, 57, 22, 9], [4, 4, 5, 4, 5, 4, 5, 8, 16, 19, 31, 60, 88, 75, 43, 43, 32, 56, 73, 73, 75, 56, 28, 10], [4, 4, 5, 5, 4, 5, 4, 9, 15, 17, 25, 56, 81, 67, 43, 42, 36, 52, 75, 87, 68, 45, 26, 8], [6, 5, 5, 5, 5, 6, 5, 11, 16, 26, 31, 79, 100, 79, 59, 52, 40, 59, 100, 100, 91, 54, 30, 11], [6, 5, 5, 5, 5, 6, 5, 12, 16, 27, 36, 77, 94, 72, 61, 47, 48, 61, 98, 100, 100, 68, 28, 12]]",1475,29.85,2.53,"[{""platform_id"": 1, ""percent"": 35.1}, {""platform_id"": 2, ""percent"": 22.5}, {""platform_id"": 3, ""percent"": 42.5}]","[{""stars"": 5, ""percent"": 20.2, ""count"": 920}, {""stars"": 4, ""percent"": 30.3, ""count"": 1110}, {""stars"": 3, ""percent"": 14.1, ""count"": 336}, {""stars"": 2, ""percent"": 17.2, ""count"": 731}, {""stars"": 1, ""percent"": 18.2, ""count"": 1224}]","[{""text"": ""Pahalı"", ""weight"": 2}, {""text"": ""Bayat"", ""weight"": 1}, {""text"": ""Az porsiyon"", ""weight"": 1}, {""text"": ""Soğuk"", ""weight"": 4}, {""text"": ""Eksik"", ""weight"": 2}, {""text"": ""Geç"", ""weight"": 3}]","{""restaurant_courier"": {""fee"": 24, ""avg_cost"": 34.3, ""monthly_revenue"": 5161, ""churn_label"": ""YÜKSEK""}, ""own_courier"": {""fee"": 0, ""avg_cost"": 36.1, ""monthly_revenue"": 912622, ""churn_label"": ""ORTA""}}"
34-zeytinburnu,,2026-05-01,8.96,4.94,"[{""label"": ""Uzun bekleme"", ""color"": ""#EE4444"", ""percent"": 10.2}, {""label"": ""Yanlış ürün"", ""color"": ""#A65EEA"", ""percent"": 14.8}, {""label"": ""Lezzet"", ""color"": ""#22CCEE"", ""percent"": 38.6}, {""label"": ""Ürün stokta yok"", ""color"": ""#66DD22"", ""percent"": 14.8}, {""label"": ""Diğer"", ""color"": ""#F99F1B"", ""percent"": 21.6}]","[{""label"": ""Eksik Malzeme"", ""color"": ""#EE4444"", ""percent"": 34.7}, {""label"": ""Soğuk Geldi"", ""color"": ""#A65EEA"", ""percent"": 24.5}, {""label"": ""Yanlış Sipariş"", ""color"": ""#22CCEE"", ""percent"": 17.3}, {""label"": ""Ambalaj"", ""color"": ""#F99F1B"", ""percent"": 23.5}]",61.5,4.79,4.86,3.7,150.14,167.53,517075,20,"[[5, 5, 4, 5, 4, 4, 5, 8, 14, 20, 29, 63, 68, 69, 53, 40, 39, 47, 80, 85, 69, 48, 21, 10], [5, 5, 5, 4, 4, 4, 4, 10, 14, 17, 32, 63, 86, 63, 45, 34, 31, 56, 86, 95, 74, 51, 23, 10], [4, 5, 5, 5, 4, 5, 4, 11, 14, 17, 34, 58, 83, 63, 43, 34, 35, 47, 71, 78, 65, 44, 22, 11], [5, 4, 4, 5, 4, 5, 4, 8, 16, 20, 26, 52, 68, 74, 45, 38, 30, 45, 65, 87, 85, 50, 22, 11], [4, 5, 5, 5, 5, 5, 4, 8, 16, 19, 27, 68, 79, 60, 50, 40, 33, 52, 67, 85, 79, 51, 26, 9], [5, 5, 6, 5, 6, 5, 5, 12, 19, 26, 41, 69, 97, 91, 54, 46, 41, 53, 81, 89, 88, 53, 29, 11], [6, 5, 6, 6, 6, 6, 5, 11, 18, 21, 40, 69, 100, 77, 67, 50, 39, 61, 87, 100, 85, 52, 28, 12]]",1581,21.95,3.04,"[{""platform_id"": 1, ""percent"": 38.1}, {""platform_id"": 2, ""percent"": 27.4}, {""platform_id"": 3, ""percent"": 34.6}]","[{""stars"": 5, ""percent"": 20.2, ""count"": 920}, {""stars"": 4, ""percent"": 16.7, ""count"": 988}, {""stars"": 3, ""percent"": 18.4, ""count"": 630}, {""stars"": 2, ""percent"": 21.9, ""count"": 600}, {""stars"": 1, ""percent"": 22.8, ""count"": 2054}]","[{""text"": ""Yağlı"", ""weight"": 2}, {""text"": ""Pahalı"", ""weight"": 4}, {""text"": ""Lezzetsiz"", ""weight"": 3}, {""text"": ""Az porsiyon"", ""weight"": 5}, {""text"": ""Bayat"", ""weight"": 5}, {""text"": ""Eksik"", ""weight"": 4}]","{""restaurant_courier"": {""fee"": 26, ""avg_cost"": 29.87, ""monthly_revenue"": 3203, ""churn_label"": ""YÜKSEK""}, ""own_courier"": {""fee"": 0, ""avg_cost"": 34.24, ""monthly_revenue"": 1115871, ""churn_label"": ""ORTA""}}"
34-bakırköy,,2026-05-01,8.6,4.11,"[{""label"": ""Uzun bekleme"", ""color"": ""#EE4444"", ""percent"": 20.4}, {""label"": ""Yanlış ürün"", ""color"": ""#A65EEA"", ""percent"": 10.8}, {""label"": ""Lezzet"", ""color"": ""#22CCEE"", ""percent"": 21.5}, {""label"": ""Ürün stokta yok"", ""color"": ""#66DD22"", ""percent"": 16.1}, {""label"": ""Diğer"", ""color"": ""#F99F1B"", ""percent"": 31.2}]","[{""label"": ""Eksik Malzeme"", ""color"": ""#EE4444"", ""percent"": 36.0}, {""label"": ""Soğuk Geldi"", ""color"": ""#A65EEA"", ""percent"": 32.4}, {""label"": ""Yanlış Sipariş"", ""color"": ""#22CCEE"", ""percent"": 10.8}, {""label"": ""Ambalaj"", ""color"": ""#F99F1B"", ""percent"": 20.7}]",88.9,4.54,4.53,3.89,88.54,214.13,1188137,24,"[[4, 4, 4, 4, 5, 4, 5, 9, 13, 20, 32, 53, 91, 61, 50, 39, 29, 56, 66, 83, 78, 49, 25, 10], [4, 5, 5, 5, 4, 4, 4, 10, 16, 21, 34, 63, 69, 65, 55, 45, 37, 48, 84, 78, 66, 52, 25, 10], [5, 4, 5, 5, 5, 4, 4, 8, 16, 21, 33, 61, 88, 77, 54, 38, 32, 50, 76, 80, 73, 49, 25, 9], [5, 5, 4, 5, 5, 5, 5, 8, 13, 19, 33, 62, 78, 78, 48, 34, 34, 45, 65, 97, 80, 44, 25, 10], [5, 4, 5, 4, 4, 4, 5, 10, 15, 19, 28, 51, 76, 60, 54, 38, 30, 54, 82, 87, 79, 55, 24, 9], [6, 6, 6, 5, 5, 6, 5, 12, 15, 23, 31, 73, 90, 92, 63, 48, 44, 58, 93, 99, 100, 62, 26, 10], [6, 5, 6, 6, 5, 5, 5, 12, 17, 27, 40, 73, 92, 90, 52, 42, 46, 51, 91, 99, 83, 54, 28, 11]]",480,16.14,2.86,"[{""platform_id"": 1, ""percent"": 61.0}, {""platform_id"": 2, ""percent"": 21.0}, {""platform_id"": 3, ""percent"": 18.0}]","[{""stars"": 5, ""percent"": 22.9, ""count"": 696}, {""stars"": 4, ""percent"": 13.3, ""count"": 1120}, {""stars"": 3, ""percent"": 29.5, ""count"": 1302}, {""stars"": 2, ""percent"": 17.1, ""count"": 648}, {""stars"": 1, ""percent"": 17.1, ""count"": 1188}]","[{""text"": ""Tatsız"", ""weight"": 3}, {""text"": ""Kötü"", ""weight"": 5}, {""text"": ""Geç"", ""weight"": 1}, {""text"": ""Az porsiyon"", ""weight"": 3}, {""text"": ""Yağlı"", ""weight"": 4}, {""text"": ""Eksik"", ""weight"": 4}]","{""restaurant_courier"": {""fee"": 24, ""avg_cost"": 34.83, ""monthly_revenue"": 3664, ""churn_label"": ""ORTA""}, ""own_courier"": {""fee"": 0, ""avg_cost"": 35.73, ""monthly_revenue"": 1223052, ""churn_label"": ""DÜŞÜK""}}"
34-beyoğlu,,2026-05-01,13.36,3.15,"[{""label"": ""Uzun bekleme"", ""color"": ""#EE4444"", ""percent"": 20.0}, {""label"": ""Yanlış ürün"", ""color"": ""#A65EEA"", ""percent"": 15.8}, {""label"": ""Lezzet"", ""color"": ""#22CCEE"", ""percent"": 36.8}, {""label"": ""Ürün stokta yok"", ""color"": ""#66DD22"", ""percent"": 5.3}, {""label"": ""Diğer"", ""color"": ""#F99F1B"", ""percent"": 22.1}]","[{""label"": ""Eksik Malzeme"", ""color"": ""#EE4444"", ""percent"": 28.2}, {""label"": ""Soğuk Geldi"", ""color"": ""#A65EEA"", ""percent"": 16.5}, {""label"": ""Yanlış Sipariş"", ""color"": ""#22CCEE"", ""percent"": 15.3}, {""label"": ""Ambalaj"", ""color"": ""#F99F1B"", ""percent"": 40.0}]",78.5,4.39,4.99,3.72,129.69,173.34,949113,18,"[[5, 5, 4, 4, 4, 5, 5, 10, 15, 19, 34, 61, 87, 75, 48, 45, 37, 45, 72, 85, 72, 53, 23, 9], [4, 4, 5, 5, 4, 5, 4, 11, 16, 17, 25, 64, 84, 68, 52, 40, 38, 50, 69, 76, 69, 43, 28, 10], [4, 4, 5, 5, 5, 4, 5, 9, 13, 18, 26, 58, 84, 63, 48, 38, 34, 55, 78, 87, 67, 50, 26, 8], [4, 5, 4, 4, 4, 5, 4, 10, 13, 19, 30, 53, 70, 73, 51, 34, 34, 52, 75, 75, 72, 46, 27, 9], [4, 5, 5, 5, 4, 5, 4, 9, 14, 22, 30, 58, 91, 64, 57, 34, 32, 42, 68, 87, 72, 43, 27, 10], [5, 5, 6, 5, 5, 6, 5, 13, 20, 21, 32, 82, 94, 96, 59, 53, 37, 56, 100, 89, 100, 61, 32, 10], [6, 5, 5, 6, 6, 6, 5, 10, 15, 26, 40, 62, 92, 73, 62, 42, 41, 57, 91, 88, 90, 65, 34, 11]]",2482,22.66,2.74,"[{""platform_id"": 1, ""percent"": 20.8}, {""platform_id"": 2, ""percent"": 46.3}, {""platform_id"": 3, ""percent"": 33.0}]","[{""stars"": 5, ""percent"": 27.5, ""count"": 840}, {""stars"": 4, ""percent"": 22.9, ""count"": 500}, {""stars"": 3, ""percent"": 22.0, ""count"": 1248}, {""stars"": 2, ""percent"": 11.0, ""count"": 324}, {""stars"": 1, ""percent"": 16.5, ""count"": 954}]","[{""text"": ""Eksik"", ""weight"": 1}, {""text"": ""Kötü"", ""weight"": 5}, {""text"": ""Soğuk"", ""weight"": 2}, {""text"": ""Yağlı"", ""weight"": 2}, {""text"": ""Bayat"", ""weight"": 1}, {""text"": ""Az porsiyon"", ""weight"": 1}]","{""restaurant_courier"": {""fee"": 28, ""avg_cost"": 30.37, ""monthly_revenue"": 3309, ""churn_label"": ""ORTA""}, ""own_courier"": {""fee"": 0, ""avg_cost"": 35.53, ""monthly_revenue"": 794655, ""churn_label"": ""DÜŞÜK""}}"
34-beşiktaş,,2026-05-01,16.52,5.58,"[{""label"": ""Uzun bekleme"", ""color"": ""#EE4444"", ""percent"": 17.9}, {""label"": ""Yanlış ürün"", ""color"": ""#A65EEA"", ""percent"": 25.6}, {""label"": ""Lezzet"", ""color"": ""#22CCEE"", ""percent"": 19.7}, {""label"": ""Ürün stokta yok"", ""color"": ""#66DD22"", ""percent"": 22.2}, {""label"": ""Diğer"", ""color"": ""#F99F1B"", ""percent"": 14.5}]","[{""label"": ""Eksik Malzeme"", ""color"": ""#EE4444"", ""percent"": 15.1}, {""label"": ""Soğuk Geldi"", ""color"": ""#A65EEA"", ""percent"": 22.6}, {""label"": ""Yanlış Sipariş"", ""color"": ""#22CCEE"", ""percent"": 31.5}, {""label"": ""Ambalaj"", ""color"": ""#F99F1B"", ""percent"": 30.8}]",75.4,4.39,4.69,3.21,192.76,212.69,937728,24,"[[4, 5, 4, 4, 4, 5, 4, 10, 14, 22, 28, 60, 79, 68, 47, 44, 38, 46, 66, 92, 75, 54, 25, 9], [5, 5, 4, 4, 4, 5, 4, 11, 17, 22, 29, 53, 89, 76, 57, 43, 35, 52, 74, 88, 73, 52, 23, 11], [5, 4, 5, 5, 4, 5, 5, 11, 15, 22, 34, 53, 84, 66, 47, 38, 31, 44, 77, 91, 75, 43, 24, 10], [4, 5, 5, 4, 5, 4, 4, 11, 15, 19, 27, 62, 88, 63, 53, 37, 35, 53, 76, 89, 67, 56, 28, 10], [5, 4, 5, 4, 4, 5, 5, 9, 14, 18, 30, 65, 87, 63, 48, 37, 36, 46, 75, 75, 82, 44, 26, 8], [5, 5, 6, 6, 5, 5, 6, 11, 15, 24, 41, 71, 99, 94, 56, 47, 37, 65, 96, 100, 97, 60, 28, 11], [6, 6, 5, 6, 5, 6, 5, 12, 16, 20, 38, 74, 89, 73, 57, 47, 37, 65, 86, 100, 90, 68, 29, 11]]",1476,23.07,3.1,"[{""platform_id"": 1, ""percent"": 45.8}, {""platform_id"": 2, ""percent"": 29.8}, {""platform_id"": 3, ""percent"": 24.4}]","[{""stars"": 5, ""percent"": 25.5, ""count"": 1960}, {""stars"": 4, ""percent"": 30.0, ""count"": 1188}, {""stars"": 3, ""percent"": 18.2, ""count"": 1360}, {""stars"": 2, ""percent"": 10.0, ""count"": 275}, {""stars"": 1, ""percent"": 16.4, ""count"": 756}]","[{""text"": ""Yağlı"", ""weight"": 2}, {""text"": ""Tatsız"", ""weight"": 2}, {""text"": ""Pahalı"", ""weight"": 3}, {""text"": ""Soğuk"", ""weight"": 1}, {""text"": ""Bayat"", ""weight"": 3}, {""text"": ""Az porsiyon"", ""weight"": 4}]","{""restaurant_courier"": {""fee"": 26, ""avg_cost"": 29.29, ""monthly_revenue"": 5718, ""churn_label"": ""YÜKSEK""}, ""own_courier"": {""fee"": 0, ""avg_cost"": 33.51, ""monthly_revenue"": 662975, ""churn_label"": ""ORTA""}}"
34-sarıyer,,2026-05-01,16.11,4.05,"[{""label"": ""Uzun bekleme"", ""color"": ""#EE4444"", ""percent"": 8.6}, {""label"": ""Yanlış ürün"", ""color"": ""#A65EEA"", ""percent"": 14.0}, {""label"": ""Lezzet"", ""color"": ""#22CCEE"", ""percent"": 9.7}, {""label"": ""Ürün stokta yok"", ""color"": ""#66DD22"", ""percent"": 34.4}, {""label"": ""Diğer"", ""color"": ""#F99F1B"", ""percent"": 33.3}]","[{""label"": ""Eksik Malzeme"", ""color"": ""#EE4444"", ""percent"": 18.8}, {""label"": ""Soğuk Geldi"", ""color"": ""#A65EEA"", ""percent"": 26.7}, {""label"": ""Yanlış Sipariş"", ""color"": ""#22CCEE"", ""percent"": 42.6}, {""label"": ""Ambalaj"", ""color"": ""#F99F1B"", ""percent"": 11.9}]",63.3,4.49,4.51,3.4,97.08,145.53,890598,22,"[[4, 4, 5, 4, 4, 4, 4, 10, 14, 17, 27, 65, 89, 77, 45, 35, 32, 43, 67, 91, 71, 47, 28, 8], [4, 4, 4, 5, 5, 4, 5, 8, 16, 18, 26, 59, 79, 65, 51, 42, 35, 54, 64, 85, 73, 47, 25, 9], [5, 5, 5, 5, 5, 4, 5, 11, 16, 21, 33, 60, 76, 64, 46, 36, 31, 47, 70, 93, 83, 48, 27, 10], [5, 5, 4, 5, 5, 5, 5, 8, 14, 17, 31, 65, 70, 79, 42, 40, 33, 49, 82, 83, 70, 56, 21, 11], [4, 5, 4, 4, 4, 4, 5, 8, 13, 18, 26, 55, 77, 78, 43, 43, 33, 46, 83, 76, 74, 50, 22, 10], [5, 6, 5, 6, 6, 6, 6, 13, 19, 22, 36, 80, 100, 83, 61, 40, 41, 62, 82, 100, 89, 60, 32, 11], [6, 5, 5, 6, 5, 5, 5, 12, 18, 24, 38, 81, 84, 87, 57, 50, 48, 68, 84, 100, 77, 61, 27, 13]]",604,20.88,2.69,"[{""platform_id"": 1, ""percent"": 25.5}, {""platform_id"": 2, ""percent"": 39.9}, {""platform_id"": 3, ""percent"": 34.6}]","[{""stars"": 5, ""percent"": 15.6, ""count"": 1326}, {""stars"": 4, ""percent"": 21.1, ""count"": 1633}, {""stars"": 3, ""percent"": 29.4, ""count"": 640}, {""stars"": 2, ""percent"": 10.1, ""count"": 781}, {""stars"": 1, ""percent"": 23.9, ""count"": 1768}]","[{""text"": ""Eksik"", ""weight"": 1}, {""text"": ""Az porsiyon"", ""weight"": 3}, {""text"": ""Soğuk"", ""weight"": 4}, {""text"": ""Tatsız"", ""weight"": 5}, {""text"": ""Pahalı"", ""weight"": 1}, {""text"": ""Bayat"", ""weight"": 2}]","{""restaurant_courier"": {""fee"": 28, ""avg_cost"": 36.84, ""monthly_revenue"": 5108, ""churn_label"": ""ORTA""}, ""own_courier"": {""fee"": 0, ""avg_cost"": 35.6, ""monthly_revenue"": 1272157, ""churn_label"": ""DÜŞÜK""}}"
34-şişli,,2026-05-01,9.61,6.48,"[{""label"": ""Uzun bekleme"", ""color"": ""#EE4444"", ""percent"": 9.9}, {""label"": ""Yanlış ürün"", ""color"": ""#A65EEA"", ""percent"": 31.9}, {""label"": ""Lezzet"", ""color"": ""#22CCEE"", ""percent"": 19.8}, {""label"": ""Ürün stokta yok"", ""color"": ""#66DD22"", ""percent"": 7.7}, {""label"": ""Diğer"", ""color"": ""#F99F1B"", ""percent"": 30.8}]","[{""label"": ""Eksik Malzeme"", ""color"": ""#EE4444"", ""percent"": 14.6}, {""label"": ""Soğuk Geldi"", ""color"": ""#A65EEA"", ""percent"": 23.6}, {""label"": ""Yanlış Sipariş"", ""color"": ""#22CCEE"", ""percent"": 31.2}, {""label"": ""Ambalaj"", ""color"": ""#F99F1B"", ""percent"": 30.6}]",86.6,3.86,4.62,3.32,198.98,220.39,1007473,22,"[[4, 5, 4, 5, 5, 5, 5, 9, 15, 17, 31, 54, 77, 64, 50, 42, 38, 54, 83, 73, 68, 55, 26, 10], [5, 4, 4, 4, 5, 4, 5, 9, 15, 18, 29, 53, 80, 65, 53, 37, 39, 56, 81, 83, 64, 55, 25, 8], [4, 5, 4, 5, 5, 4, 4, 10, 14, 17, 30, 60, 89, 77, 44, 35, 31, 50, 71, 95, 75, 50, 25, 10], [4, 5, 4, 4, 5, 4, 5, 10, 14, 21, 25, 60, 72, 64, 49, 35, 30, 47, 76, 97, 78, 54, 28, 10], [5, 4, 5, 5, 4, 5, 5, 10, 14, 20, 33, 55, 87, 66, 57, 39, 39, 51, 65, 93, 71, 45, 27, 10], [6, 5, 6, 5, 6, 6, 6, 12, 16, 23, 37, 63, 100, 87, 52, 54, 42, 55, 86, 100, 85, 54, 33, 11], [5, 5, 5, 5, 5, 5, 6, 11, 20, 27, 30, 63, 100, 71, 53, 53, 41, 54, 100, 100, 90, 55, 29, 11]]",2496,17.32,2.53,"[{""platform_id"": 1, ""percent"": 29.6}, {""platform_id"": 2, ""percent"": 30.6}, {""platform_id"": 3, ""percent"": 39.8}]","[{""stars"": 5, ""percent"": 13.3, ""count"": 520}, {""stars"": 4, ""percent"": 19.4, ""count"": 589}, {""stars"": 3, ""percent"": 21.4, ""count"": 462}, {""stars"": 2, ""percent"": 10.2, ""count"": 450}, {""stars"": 1, ""percent"": 35.7, ""count"": 1295}]","[{""text"": ""Tatsız"", ""weight"": 1}, {""text"": ""Az porsiyon"", ""weight"": 3}, {""text"": ""Pahalı"", ""weight"": 4}, {""text"": ""Yağlı"", ""weight"": 4}, {""text"": ""Geç"", ""weight"": 4}, {""text"": ""Lezzetsiz"", ""weight"": 3}]","{""restaurant_courier"": {""fee"": 28, ""avg_cost"": 37.05, ""monthly_revenue"": 3607, ""churn_label"": ""YÜKSEK""}, ""own_courier"": {""fee"": 0, ""avg_cost"": 39.71, ""monthly_revenue"": 745640, ""churn_label"": ""ORTA""}}"
34-kağıthane,,2026-05-01,6.3,5.91,"[{""label"": ""Uzun bekleme"", ""color"": ""#EE4444"", ""percent"": 16.3}, {""label"": ""Yanlış ürün"", ""color"": ""#A65EEA"", ""percent"": 22.4}, {""label"": ""Lezzet"", ""color"": ""#22CCEE"", ""percent"": 21.8}, {""label"": ""Ürün stokta yok"", ""color"": ""#66DD22"", ""percent"": 16.3}, {""label"": ""Diğer"", ""color"": ""#F99F1B"", ""percent"": 23.1}]","[{""label"": ""Eksik Malzeme"", ""color"": ""#EE4444"", ""percent"": 28.2}, {""label"": ""Soğuk Geldi"", ""color"": ""#A65EEA"", ""percent"": 21.2}, {""label"": ""Yanlış Sipariş"", ""color"": ""#22CCEE"", ""percent"": 27.1}, {""label"": ""Ambalaj"", ""color"": ""#F99F1B"", ""percent"": 23.5}]",64.4,4.83,4.72,3.67,147.17,191.6,587908,16,"[[4, 4, 5, 5, 5, 4, 5, 10, 15, 18, 29, 67, 76, 62, 53, 38, 34, 54, 77, 77, 63, 53, 22, 10], [5, 5, 5, 5, 4, 4, 4, 9, 16, 20, 32, 66, 72, 66, 50, 45, 30, 57, 68, 88, 83, 43, 25, 11], [5, 4, 4, 4, 5, 5, 4, 11, 16, 22, 28, 57, 71, 60, 52, 37, 32, 46, 67, 91, 81, 50, 27, 10], [5, 5, 5, 4, 5, 5, 5, 9, 16, 21, 32, 64, 81, 66, 50, 36, 30, 53, 66, 73, 67, 54, 21, 10], [5, 5, 4, 4, 4, 4, 4, 9, 13, 22, 33, 68, 80, 59, 49, 43, 30, 57, 64, 74, 69, 52, 25, 8], [6, 6, 5, 6, 5, 5, 5, 10, 17, 25, 39, 72, 100, 85, 51, 52, 42, 55, 84, 89, 86, 66, 33, 10], [5, 6, 5, 6, 5, 6, 6, 12, 16, 27, 41, 82, 93, 87, 57, 42, 39, 65, 77, 100, 97, 60, 26, 11]]",2282,29.33,2.95,"[{""platform_id"": 1, ""percent"": 24.3}, {""platform_id"": 2, ""percent"": 27.1}, {""platform_id"": 3, ""percent"": 48.6}]","[{""stars"": 5, ""percent"": 13.9, ""count"": 1022}, {""stars"": 4, ""percent"": 12.9, ""count"": 312}, {""stars"": 3, ""percent"": 32.7, ""count"": 2013}, {""stars"": 2, ""percent"": 27.7, ""count"": 980}, {""stars"": 1, ""percent"": 12.9, ""count"": 728}]","[{""text"": ""Tatsız"", ""weight"": 3}, {""text"": ""Bayat"", ""weight"": 5}, {""text"": ""Geç"", ""weight"": 1}, {""text"": ""Pahalı"", ""weight"": 4}, {""text"": ""Eksik"", ""weight"": 4}, {""text"": ""Kötü"", ""weight"": 5}]","{""restaurant_courier"": {""fee"": 28, ""avg_cost"": 34.83, ""monthly_revenue"": 3802, ""churn_label"": ""ORTA""}, ""own_courier"": {""fee"": 0, ""avg_cost"": 34.16, ""monthly_revenue"": 914497, ""churn_label"": ""DÜŞÜK""}}"
34-bağcılar,,2026-05-01,9.92,8.29,"[{""label"": ""Uzun bekleme"", ""color"": ""#EE4444"", ""percent"": 12.1}, {""label"": ""Yanlış ürün"", ""color"": ""#A65EEA"", ""percent"": 19.8}, {""label"": ""Lezzet"", ""color"": ""#22CCEE"", ""percent"": 10.3}, {""label"": ""Ürün stokta yok"", ""color"": ""#66DD22"", ""percent"": 30.2}, {""label"": ""Diğer"", ""color"": ""#F99F1B"", ""percent"": 27.6}]","[{""label"": ""Eksik Malzeme"", ""color"": ""#EE4444"", ""percent"": 22.6}, {""label"": ""Soğuk Geldi"", ""color"": ""#A65EEA"", ""percent"": 16.1}, {""label"": ""Yanlış Sipariş"", ""color"": ""#22CCEE"", ""percent"": 25.8}, {""label"": ""Ambalaj"", ""color"": ""#F99F1B"", ""percent"": 35.5}]",77.0,4.59,4.51,3.36,212.22,198.36,779722,18,"[[4, 4, 5, 4, 5, 4, 4, 9, 13, 18, 33, 65, 88, 68, 53, 37, 33, 46, 80, 80, 85, 56, 27, 10], [4, 5, 5, 4, 5, 5, 5, 9, 15, 18, 25, 54, 78, 79, 49, 37, 37, 46, 80, 88, 82, 44, 23, 10], [5, 4, 5, 4, 4, 4, 5, 9, 14, 18, 33, 59, 74, 59, 54, 39, 39, 54, 78, 83, 69, 53, 23, 11], [4, 5, 5, 4, 4, 5, 5, 8, 14, 17, 33, 53, 78, 62, 54, 39, 30, 51, 69, 91, 82, 51, 28, 9], [5, 4, 5, 4, 4, 4, 4, 9, 16, 19, 31, 52, 76, 60, 47, 44, 34, 47, 70, 93, 83, 47, 25, 10], [6, 6, 6, 5, 5, 6, 5, 11, 18, 21, 37, 69, 99, 86, 54, 43, 39, 60, 91, 100, 84, 55, 34, 13], [6, 6, 5, 5, 6, 6, 5, 12, 15, 26, 36, 70, 87, 90, 63, 49, 47, 55, 88, 100, 100, 62, 25, 11]]",2328,17.68,2.17,"[{""platform_id"": 1, ""percent"": 18.4}, {""platform_id"": 2, ""percent"": 43.0}, {""platform_id"": 3, ""percent"": 38.6}]","[{""stars"": 5, ""percent"": 15.7, ""count"": 540}, {""stars"": 4, ""percent"": 8.7, ""count"": 280}, {""stars"": 3, ""percent"": 23.5, ""count"": 1782}, {""stars"": 2, ""percent"": 28.7, ""count"": 1419}, {""stars"": 1, ""percent"": 23.5, ""count"": 1755}]","[{""text"": ""Soğuk"", ""weight"": 3}, {""text"": ""Eksik"", ""weight"": 2}, {""text"": ""Az porsiyon"", ""weight"": 4}, {""text"": ""Lezzetsiz"", ""weight"": 1}, {""text"": ""Tatsız"", ""weight"": 3}, {""text"": ""Geç"", ""weight"": 3}]","{""restaurant_courier"": {""fee"": 26, ""avg_cost"": 36.9, ""monthly_revenue"": 4438, ""churn_label"": ""ORTA""}, ""own_courier"": {""fee"": 0, ""avg_cost"": 39.2, ""monthly_revenue"": 828104, ""churn_label"": ""ORTA""}}"
34-silivri,,2026-05-01,13.67,4.57,"[{""label"": ""Uzun bekleme"", ""color"": ""#EE4444"", ""percent"": 36.4}, {""label"": ""Yanlış ürün"", ""color"": ""#A65EEA"", ""percent"": 11.7}, {""label"": ""Lezzet"", ""color"": ""#22CCEE"", ""percent"": 31.2}, {""label"": ""Ürün stokta yok"", ""color"": ""#66DD22"", ""percent"": 13.0}, {""label"": ""Diğer"", ""color"": ""#F99F1B"", ""percent"": 7.8}]","[{""label"": ""Eksik Malzeme"", ""color"": ""#EE4444"", ""percent"": 24.3}, {""label"": ""Soğuk Geldi"", ""color"": ""#A65EEA"", ""percent"": 15.9}, {""label"": ""Yanlış Sipariş"", ""color"": ""#22CCEE"", ""percent"": 13.1}, {""label"": ""Ambalaj"", ""color"": ""#F99F1B"", ""percent"": 46.7}]",60.5,3.97,4.96,3.0,151.18,206.09,560361,18,"[[4, 5, 4, 4, 4, 4, 5, 10, 14, 22, 28, 65, 82, 79, 42, 35, 39, 43, 85, 89, 73, 45, 24, 10], [4, 4, 4, 4, 4, 4, 5, 10, 13, 19, 33, 65, 68, 72, 54, 37, 39, 56, 65, 83, 70, 55, 21, 10], [5, 5, 5, 5, 5, 5, 4, 9, 14, 18, 33, 59, 73, 73, 53, 34, 30, 50, 79, 89, 69, 44, 23, 9], [5, 4, 5, 4, 5, 4, 5, 10, 17, 18, 29, 65, 89, 75, 56, 41, 38, 46, 77, 86, 80, 50, 23, 11], [4, 4, 4, 5, 4, 4, 5, 9, 14, 18, 32, 66, 74, 69, 55, 45, 34, 43, 68, 86, 85, 53, 26, 10], [5, 5, 6, 6, 6, 5, 6, 12, 18, 26, 34, 82, 89, 91, 61, 52, 44, 60, 100, 92, 97, 52, 29, 13], [6, 6, 6, 6, 5, 5, 6, 11, 19, 22, 34, 73, 88, 77, 68, 52, 47, 59, 87, 89, 85, 63, 32, 11]]",1178,17.08,2.3,"[{""platform_id"": 1, ""percent"": 27.5}, {""platform_id"": 2, ""percent"": 55.7}, {""platform_id"": 3, ""percent"": 16.9}]","[{""stars"": 5, ""percent"": 27.4, ""count"": 1798}, {""stars"": 4, ""percent"": 23.9, ""count"": 1647}, {""stars"": 3, ""percent"": 18.6, ""count"": 441}, {""stars"": 2, ""percent"": 9.7, ""count"": 561}, {""stars"": 1, ""percent"": 20.4, ""count"": 1058}]","[{""text"": ""Lezzetsiz"", ""weight"": 1}, {""text"": ""Soğuk"", ""weight"": 2}, {""text"": ""Geç"", ""weight"": 2}, {""text"": ""Yağlı"", ""weight"": 3}, {""text"": ""Az porsiyon"", ""weight"": 4}, {""text"": ""Tatsız"", ""weight"": 4}]","{""restaurant_courier"": {""fee"": 28, ""avg_cost"": 36.16, ""monthly_revenue"": 4307, ""churn_label"": ""YÜKSEK""}, ""own_courier"": {""fee"": 0, ""avg_cost"": 35.82, ""monthly_revenue"": 645982, ""churn_label"": ""DÜŞÜK""}}"
34-çatalca,,2026-05-01,16.71,10.74,"[{""label"": ""Uzun bekleme"", ""color"": ""#EE4444"", ""percent"": 22.1}, {""label"": ""Yanlış ürün"", ""color"": ""#A65EEA"", ""percent"": 22.1}, {""label"": ""Lezzet"", ""color"": ""#22CCEE"", ""percent"": 19.1}, {""label"": ""Ürün stokta yok"", ""color"": ""#66DD22"", ""percent"": 21.3}, {""label"": ""Diğer"", ""color"": ""#F99F1B"", ""percent"": 15.4}]","[{""label"": ""Eksik Malzeme"", ""color"": ""#EE4444"", ""percent"": 18.0}, {""label"": ""Soğuk Geldi"", ""color"": ""#A65EEA"", ""percent"": 25.8}, {""label"": ""Yanlış Sipariş"", ""color"": ""#22CCEE"", ""percent"": 32.0}, {""label"": ""Ambalaj"", ""color"": ""#F99F1B"", ""percent"": 24.2}]",72.1,3.97,4.58,3.6,97.96,125.61,496233,16,"[[4, 4, 4, 5, 5, 5, 5, 8, 13, 21, 25, 63, 90, 68, 50, 42, 34, 51, 66, 73, 78, 47, 26, 8], [4, 4, 4, 5, 4, 5, 4, 11, 16, 19, 32, 58, 77, 74, 49, 36, 37, 56, 75, 92, 72, 49, 22, 10], [5, 5, 5, 5, 5, 5, 4, 9, 14, 20, 33, 55, 78, 64, 50, 43, 36, 55, 73, 89, 71, 42, 23, 9], [5, 5, 4, 5, 4, 5, 4, 8, 17, 19, 30, 61, 79, 68, 51, 36, 35, 57, 85, 76, 85, 51, 25, 9], [4, 5, 5, 5, 5, 4, 4, 10, 13, 18, 32, 54, 74, 76, 53, 43, 37, 52, 73, 74, 71, 45, 26, 10], [5, 5, 5, 5, 6, 6, 6, 12, 15, 23, 34, 70, 100, 94, 60, 47, 39, 51, 98, 100, 96, 55, 33, 11], [5, 6, 5, 5, 5, 6, 6, 11, 16, 25, 34, 72, 83, 87, 57, 44, 42, 54, 99, 92, 77, 57, 30, 13]]",589,15.43,2.21,"[{""platform_id"": 1, ""percent"": 36.3}, {""platform_id"": 2, ""percent"": 22.2}, {""platform_id"": 3, ""percent"": 41.5}]","[{""stars"": 5, ""percent"": 24.0, ""count"": 1925}, {""stars"": 4, ""percent"": 14.4, ""count"": 735}, {""stars"": 3, ""percent"": 21.2, ""count"": 1078}, {""stars"": 2, ""percent"": 23.1, ""count"": 912}, {""stars"": 1, ""percent"": 17.3, ""count"": 396}]","[{""text"": ""Geç"", ""weight"": 2}, {""text"": ""Az porsiyon"", ""weight"": 2}, {""text"": ""Yağlı"", ""weight"": 5}, {""text"": ""Tatsız"", ""weight"": 3}, {""text"": ""Eksik"", ""weight"": 5}, {""text"": ""Kötü"", ""weight"": 4}]","{""restaurant_courier"": {""fee"": 24, ""avg_cost"": 37.09, ""monthly_revenue"": 4722, ""churn_label"": ""ORTA""}, ""own_courier"": {""fee"": 0, ""avg_cost"": 39.36, ""monthly_revenue"": 682236, ""churn_label"": ""DÜŞÜK""}}"
34-sultangazi,,2026-05-01,12.34,4.4,"[{""label"": ""Uzun bekleme"", ""color"": ""#EE4444"", ""percent"": 8.0}, {""label"": ""Yanlış ürün"", ""color"": ""#A65EEA"", ""percent"": 33.3}, {""label"": ""Lezzet"", ""color"": ""#22CCEE"", ""percent"": 18.4}, {""label"": ""Ürün stokta yok"", ""color"": ""#66DD22"", ""percent"": 16.1}, {""label"": ""Diğer"", ""color"": ""#F99F1B"", ""percent"": 24.1}]","[{""label"": ""Eksik Malzeme"", ""color"": ""#EE4444"", ""percent"": 31.0}, {""label"": ""Soğuk Geldi"", ""color"": ""#A65EEA"", ""percent"": 26.4}, {""label"": ""Yanlış Sipariş"", ""color"": ""#22CCEE"", ""percent"": 9.3}, {""label"": ""Ambalaj"", ""color"": ""#F99F1B"", ""percent"": 33.3}]",66.1,4.63,4.78,3.33,86.89,151.2,1041950,18,"[[4, 5, 4, 5, 4, 5, 5, 8, 12, 18, 31, 56, 73, 72, 49, 44, 31, 55, 73, 73, 80, 54, 24, 8], [4, 4, 5, 4, 5, 4, 4, 8, 13, 18, 26, 56, 84, 75, 55, 35, 34, 55, 64, 96, 63, 43, 27, 10], [4, 4, 4, 4, 5, 5, 4, 11, 16, 19, 28, 54, 81, 64, 49, 37, 38, 55, 78, 83, 73, 45, 21, 9], [4, 5, 4, 5, 4, 4, 4, 8, 16, 17, 28, 56, 68, 68, 48, 34, 36, 42, 69, 96, 83, 56, 24, 9], [4, 4, 4, 4, 4, 5, 5, 9, 16, 21, 33, 66, 83, 73, 46, 37, 30, 51, 76, 95, 73, 48, 22, 11], [6, 5, 6, 5, 6, 6, 5, 12, 20, 25, 34, 74, 87, 79, 55, 45, 45, 55, 93, 88, 91, 52, 25, 11], [6, 5, 6, 5, 6, 5, 6, 10, 19, 26, 38, 78, 87, 93, 55, 47, 43, 66, 78, 97, 80, 59, 27, 10]]",2037,19.88,2.3,"[{""platform_id"": 1, ""percent"": 29.3}, {""platform_id"": 2, ""percent"": 36.9}, {""platform_id"": 3, ""percent"": 33.8}]","[{""stars"": 5, ""percent"": 28.0, ""count"": 2475}, {""stars"": 4, ""percent"": 16.9, ""count"": 1180}, {""stars"": 3, ""percent"": 25.4, ""count"": 1410}, {""stars"": 2, ""percent"": 11.0, ""count"": 494}, {""stars"": 1, ""percent"": 18.6, ""count"": 748}]","[{""text"": ""Pahalı"", ""weight"": 5}, {""text"": ""Lezzetsiz"", ""weight"": 4}, {""text"": ""Yağlı"", ""weight"": 1}, {""text"": ""Tatsız"", ""weight"": 1}, {""text"": ""Eksik"", ""weight"": 4}, {""text"": ""Soğuk"", ""weight"": 1}]","{""restaurant_courier"": {""fee"": 28, ""avg_cost"": 35.76, ""monthly_revenue"": 5968, ""churn_label"": ""ORTA""}, ""own_courier"": {""fee"": 0, ""avg_cost"": 37.43, ""monthly_revenue"": 1010535, ""churn_label"": ""ORTA""}}"
34-esenyurt,,2026-05-01,6.84,4.28,"[{""label"": ""Uzun bekleme"", ""color"": ""#EE4444"", ""percent"": 9.3}, {""label"": ""Yanlış ürün"", ""color"": ""#A65EEA"", ""percent"": 18.5}, {""label"": ""Lezzet"", ""color"": ""#22CCEE"", ""percent"": 18.5}, {""label"": ""Ürün stokta yok"", ""color"": ""#66DD22"", ""percent"": 28.7}, {""label"": ""Diğer"", ""color"": ""#F99F1B"", ""percent"": 25.0}]","[{""label"": ""Eksik Malzeme"", ""color"": ""#EE4444"", ""percent"": 22.6}, {""label"": ""Soğuk Geldi"", ""color"": ""#A65EEA"", ""percent"": 22.6}, {""label"": ""Yanlış Sipariş"", ""color"": ""#22CCEE"", ""percent"": 25.5}, {""label"": ""Ambalaj"", ""color"": ""#F99F1B"", ""percent"": 29.2}]",63.6,4.06,4.55,3.94,186.44,123.94,578103,20,"[[4, 5, 4, 5, 4, 5, 4, 10, 16, 18, 26, 53, 77, 71, 53, 45, 35, 53, 74, 84, 81, 56, 22, 8], [4, 4, 4, 5, 5, 4, 5, 8, 13, 22, 29, 54, 74, 76, 45, 37, 36, 50, 84, 94, 78, 49, 27, 10], [4, 5, 4, 5, 4, 4, 4, 10, 14, 18, 29, 67, 68, 73, 50, 44, 33, 50, 78, 95, 84, 53, 22, 9], [4, 5, 5, 5, 4, 5, 5, 9, 16, 21, 32, 66, 77, 68, 50, 34, 32, 48, 66, 83, 71, 44, 25, 8], [4, 4, 5, 5, 4, 4, 4, 9, 17, 19, 32, 67, 69, 63, 50, 37, 37, 54, 64, 85, 72, 51, 27, 10], [6, 6, 6, 6, 6, 6, 5, 11, 15, 21, 32, 73, 96, 72, 51, 47, 43, 58, 87, 90, 95, 58, 30, 10], [5, 5, 6, 6, 6, 6, 6, 11, 20, 26, 33, 68, 85, 84, 63, 45, 40, 57, 88, 96, 98, 64, 31, 12]]",776,20.12,3.08,"[{""platform_id"": 1, ""percent"": 42.7}, {""platform_id"": 2, ""percent"": 19.8}, {""platform_id"": 3, ""percent"": 37.5}]","[{""stars"": 5, ""percent"": 18.9, ""count"": 1008}, {""stars"": 4, ""percent"": 26.8, ""count"": 1802}, {""stars"": 3, ""percent"": 13.4, ""count"": 595}, {""stars"": 2, ""percent"": 24.4, ""count"": 1550}, {""stars"": 1, ""percent"": 16.5, ""count"": 882}]","[{""text"": ""Yağlı"", ""weight"": 5}, {""text"": ""Bayat"", ""weight"": 4}, {""text"": ""Eksik"", ""weight"": 4}, {""text"": ""Az porsiyon"", ""weight"": 2}, {""text"": ""Geç"", ""weight"": 1}, {""text"": ""Lezzetsiz"", ""weight"": 3}]","{""restaurant_courier"": {""fee"": 24, ""avg_cost"": 28.04, ""monthly_revenue"": 5614, ""churn_label"": ""YÜKSEK""}, ""own_courier"": {""fee"": 0, ""avg_cost"": 36.67, ""monthly_revenue"": 616745, ""churn_label"": ""ORTA""}}"
34-başakşehir,,2026-05-01,6.08,6.54,"[{""label"": ""Uzun bekleme"", ""color"": ""#EE4444"", ""percent"": 25.0}, {""label"": ""Yanlış ürün"", ""color"": ""#A65EEA"", ""percent"": 23.4}, {""label"": ""Lezzet"", ""color"": ""#22CCEE"", ""percent"": 17.7}, {""label"": ""Ürün stokta yok"", ""color"": ""#66DD22"", ""percent"": 23.4}, {""label"": ""Diğer"", ""color"": ""#F99F1B"", ""percent"": 10.5}]","[{""label"": ""Eksik Malzeme"", ""color"": ""#EE4444"", ""percent"": 34.2}, {""label"": ""Soğuk Geldi"", ""color"": ""#A65EEA"", ""percent"": 9.6}, {""label"": ""Yanlış Sipariş"", ""color"": ""#22CCEE"", ""percent"": 28.9}, {""label"": ""Ambalaj"", ""color"": ""#F99F1B"", ""percent"": 27.2}]",66.4,4.75,5.0,3.05,87.0,139.68,961446,16,"[[5, 4, 4, 5, 5, 4, 5, 9, 15, 20, 31, 60, 81, 74, 42, 42, 35, 56, 69, 78, 70, 56, 27, 9], [5, 4, 5, 5, 5, 4, 5, 10, 12, 22, 29, 58, 73, 66, 46, 37, 35, 51, 71, 96, 68, 56, 28, 9], [5, 4, 5, 4, 4, 4, 5, 10, 15, 22, 30, 59, 79, 72, 56, 36, 33, 45, 65, 87, 77, 52, 23, 10], [4, 4, 5, 5, 5, 5, 5, 10, 15, 20, 33, 58, 71, 72, 43, 34, 37, 52, 74, 86, 72, 56, 21, 8], [4, 4, 5, 5, 5, 5, 4, 9, 14, 17, 27, 63, 88, 72, 46, 35, 37, 53, 83, 80, 80, 53, 27, 11], [6, 5, 6, 5, 5, 6, 5, 13, 19, 25, 31, 70, 100, 74, 58, 53, 41, 55, 91, 100, 85, 62, 26, 10], [5, 5, 5, 6, 5, 5, 5, 10, 20, 24, 34, 81, 93, 77, 62, 40, 38, 53, 98, 98, 84, 65, 25, 11]]",1669,18.15,2.37,"[{""platform_id"": 1, ""percent"": 25.9}, {""platform_id"": 2, ""percent"": 40.8}, {""platform_id"": 3, ""percent"": 33.2}]","[{""stars"": 5, ""percent"": 10.3, ""count"": 640}, {""stars"": 4, ""percent"": 32.0, ""count"": 1488}, {""stars"": 3, ""percent"": 12.4, ""count"": 360}, {""stars"": 2, ""percent"": 30.9, ""count"": 1620}, {""stars"": 1, ""percent"": 14.4, ""count"": 672}]","[{""text"": ""Geç"", ""weight"": 2}, {""text"": ""Pahalı"", ""weight"": 4}, {""text"": ""Eksik"", ""weight"": 5}, {""text"": ""Lezzetsiz"", ""weight"": 2}, {""text"": ""Az porsiyon"", ""weight"": 5}, {""text"": ""Bayat"", ""weight"": 3}]","{""restaurant_courier"": {""fee"": 24, ""avg_cost"": 35.97, ""monthly_revenue"": 4490, ""churn_label"": ""ORTA""}, ""own_courier"": {""fee"": 0, ""avg_cost"": 36.53, ""monthly_revenue"": 1175444, ""churn_label"": ""DÜŞÜK""}}"
34-sancaktepe,,2026-05-01,16.53,7.43,"[{""label"": ""Uzun bekleme"", ""color"": ""#EE4444"", ""percent"": 18.6}, {""label"": ""Yanlış ürün"", ""color"": ""#A65EEA"", ""percent"": 31.4}, {""label"": ""Lezzet"", ""color"": ""#22CCEE"", ""percent"": 10.0}, {""label"": ""Ürün stokta yok"", ""color"": ""#66DD22"", ""percent"": 14.3}, {""label"": ""Diğer"", ""color"": ""#F99F1B"", ""percent"": 25.7}]","[{""label"": ""Eksik Malzeme"", ""color"": ""#EE4444"", ""percent"": 17.7}, {""label"": ""Soğuk Geldi"", ""color"": ""#A65EEA"", ""percent"": 32.0}, {""label"": ""Yanlış Sipariş"", ""color"": ""#22CCEE"", ""percent"": 31.3}, {""label"": ""Ambalaj"", ""color"": ""#F99F1B"", ""percent"": 19.0}]",78.6,4.14,4.6,2.93,126.84,147.7,809659,24,"[[5, 5, 5, 5, 5, 4, 5, 9, 13, 22, 25, 58, 77, 76, 48, 39, 30, 57, 67, 79, 82, 54, 28, 11], [5, 5, 4, 4, 4, 4, 5, 9, 15, 21, 33, 55, 85, 70, 53, 42, 32, 51, 81, 88, 83, 49, 26, 8], [5, 4, 5, 5, 4, 5, 5, 8, 14, 22, 27, 55, 89, 70, 46, 37, 37, 42, 86, 95, 68, 45, 28, 11], [4, 4, 5, 5, 4, 5, 4, 9, 13, 22, 30, 52, 83, 60, 52, 37, 31, 55, 66, 74, 65, 56, 22, 9], [4, 4, 5, 5, 5, 5, 5, 8, 16, 17, 29, 55, 84, 68, 54, 43, 39, 43, 80, 78, 66, 50, 25, 9], [5, 5, 5, 6, 6, 5, 6, 13, 17, 22, 33, 81, 100, 84, 56, 54, 44, 56, 78, 100, 78, 51, 32, 10], [5, 6, 5, 6, 6, 6, 6, 10, 18, 26, 39, 68, 82, 75, 61, 49, 45, 53, 84, 100, 99, 58, 28, 13]]",1361,15.29,2.78,"[{""platform_id"": 1, ""percent"": 34.4}, {""platform_id"": 2, ""percent"": 32.6}, {""platform_id"": 3, ""percent"": 33.0}]","[{""stars"": 5, ""percent"": 18.7, ""count"": 875}, {""stars"": 4, ""percent"": 22.4, ""count"": 1920}, {""stars"": 3, ""percent"": 21.6, ""count"": 928}, {""stars"": 2, ""percent"": 23.1, ""count"": 1333}, {""stars"": 1, ""percent"": 14.2, ""count"": 1368}]","[{""text"": ""Soğuk"", ""weight"": 2}, {""text"": ""Tatsız"", ""weight"": 4}, {""text"": ""Bayat"", ""weight"": 5}, {""text"": ""Geç"", ""weight"": 2}, {""text"": ""Pahalı"", ""weight"": 2}, {""text"": ""Az porsiyon"", ""weight"": 3}]","{""restaurant_courier"": {""fee"": 26, ""avg_cost"": 34.39, ""monthly_revenue"": 5239, ""churn_label"": ""YÜKSEK""}, ""own_courier"": {""fee"": 0, ""avg_cost"": 33.77, ""monthly_revenue"": 1160841, ""churn_label"": ""DÜŞÜK""}}"
34-çekmeköy,,2026-05-01,7.69,11.83,"[{""label"": ""Uzun bekleme"", ""color"": ""#EE4444"", ""percent"": 23.0}, {""label"": ""Yanlış ürün"", ""color"": ""#A65EEA"", ""percent"": 12.4}, {""label"": ""Lezzet"", ""color"": ""#22CCEE"", ""percent"": 15.9}, {""label"": ""Ürün stokta yok"", ""color"": ""#66DD22"", ""percent"": 20.4}, {""label"": ""Diğer"", ""color"": ""#F99F1B"", ""percent"": 28.3}]","[{""label"": ""Eksik Malzeme"", ""color"": ""#EE4444"", ""percent"": 16.9}, {""label"": ""Soğuk Geldi"", ""color"": ""#A65EEA"", ""percent"": 34.7}, {""label"": ""Yanlış Sipariş"", ""color"": ""#22CCEE"", ""percent"": 36.4}, {""label"": ""Ambalaj"", ""color"": ""#F99F1B"", ""percent"": 11.9}]",68.0,3.51,4.84,2.83,188.47,129.46,473687,18,"[[5, 5, 5, 5, 4, 5, 5, 11, 14, 20, 29, 64, 81, 60, 54, 36, 30, 56, 67, 90, 84, 55, 28, 11], [4, 5, 5, 4, 4, 5, 4, 11, 17, 17, 32, 61, 73, 61, 51, 39, 33, 44, 85, 75, 78, 45, 24, 10], [5, 5, 5, 5, 4, 4, 4, 10, 15, 22, 29, 66, 78, 77, 57, 40, 35, 44, 75, 72, 81, 50, 27, 11], [4, 5, 4, 5, 4, 5, 4, 9, 15, 21, 30, 53, 68, 67, 50, 43, 31, 57, 65, 72, 68, 56, 26, 11], [5, 4, 5, 5, 4, 4, 5, 9, 14, 18, 30, 53, 77, 68, 50, 39, 30, 48, 72, 74, 77, 51, 25, 10], [5, 6, 5, 6, 6, 5, 5, 11, 19, 23, 37, 64, 86, 82, 62, 44, 41, 66, 84, 89, 100, 59, 33, 11], [5, 5, 5, 6, 6, 6, 5, 12, 16, 25, 40, 80, 100, 71, 52, 42, 45, 53, 100, 96, 90, 61, 33, 10]]",1571,24.43,2.02,"[{""platform_id"": 1, ""percent"": 27.0}, {""platform_id"": 2, ""percent"": 17.8}, {""platform_id"": 3, ""percent"": 55.2}]","[{""stars"": 5, ""percent"": 24.6, ""count"": 812}, {""stars"": 4, ""percent"": 26.3, ""count"": 2010}, {""stars"": 3, ""percent"": 8.8, ""count"": 780}, {""stars"": 2, ""percent"": 24.6, ""count"": 1876}, {""stars"": 1, ""percent"": 15.8, ""count"": 918}]","[{""text"": ""Pahalı"", ""weight"": 1}, {""text"": ""Tatsız"", ""weight"": 3}, {""text"": ""Kötü"", ""weight"": 4}, {""text"": ""Az porsiyon"", ""weight"": 1}, {""text"": ""Geç"", ""weight"": 4}, {""text"": ""Bayat"", ""weight"": 2}]","{""restaurant_courier"": {""fee"": 22, ""avg_cost"": 28.61, ""monthly_revenue"": 5631, ""churn_label"": ""ORTA""}, ""own_courier"": {""fee"": 0, ""avg_cost"": 33.59, ""monthly_revenue"": 1181547, ""churn_label"": ""ORTA""}}"
34-beykoz,,2026-05-01,17.96,8.28,"[{""label"": ""Uzun bekleme"", ""color"": ""#EE4444"", ""percent"": 6.0}, {""label"": ""Yanlış ürün"", ""color"": ""#A65EEA"", ""percent"": 24.0}, {""label"": ""Lezzet"", ""color"": ""#22CCEE"", ""percent"": 13.0}, {""label"": ""Ürün stokta yok"", ""color"": ""#66DD22"", ""percent"": 31.0}, {""label"": ""Diğer"", ""color"": ""#F99F1B"", ""percent"": 26.0}]","[{""label"": ""Eksik Malzeme"", ""color"": ""#EE4444"", ""percent"": 11.0}, {""label"": ""Soğuk Geldi"", ""color"": ""#A65EEA"", ""percent"": 41.3}, {""label"": ""Yanlış Sipariş"", ""color"": ""#22CCEE"", ""percent"": 31.2}, {""label"": ""Ambalaj"", ""color"": ""#F99F1B"", ""percent"": 16.5}]",63.4,4.3,4.8,3.01,185.43,185.15,1237375,22,"[[4, 4, 5, 4, 4, 4, 5, 10, 13, 17, 29, 63, 78, 72, 51, 38, 35, 57, 75, 83, 84, 51, 21, 10], [4, 4, 4, 5, 5, 5, 4, 10, 13, 21, 33, 54, 78, 74, 48, 44, 39, 51, 71, 81, 85, 56, 22, 10], [5, 5, 4, 4, 4, 5, 5, 9, 16, 17, 32, 62, 73, 75, 48, 45, 33, 50, 78, 86, 83, 43, 25, 10], [5, 5, 4, 5, 5, 4, 4, 9, 16, 18, 30, 51, 72, 78, 51, 41, 37, 49, 86, 96, 71, 52, 22, 9], [4, 4, 4, 4, 5, 5, 4, 10, 14, 19, 28, 67, 68, 74, 43, 37, 36, 48, 76, 82, 79, 53, 28, 9], [6, 5, 5, 5, 6, 5, 5, 12, 20, 23, 31, 68, 99, 88, 65, 44, 45, 55, 85, 88, 90, 56, 30, 11], [6, 6, 5, 6, 5, 5, 5, 11, 17, 24, 34, 76, 100, 84, 56, 47, 48, 58, 97, 100, 95, 61, 27, 13]]",1645,22.2,2.91,"[{""platform_id"": 1, ""percent"": 33.8}, {""platform_id"": 2, ""percent"": 27.0}, {""platform_id"": 3, ""percent"": 39.2}]","[{""stars"": 5, ""percent"": 19.3, ""count"": 1241}, {""stars"": 4, ""percent"": 27.3, ""count"": 1152}, {""stars"": 3, ""percent"": 17.0, ""count"": 315}, {""stars"": 2, ""percent"": 14.8, ""count"": 949}, {""stars"": 1, ""percent"": 21.6, ""count"": 988}]","[{""text"": ""Pahalı"", ""weight"": 1}, {""text"": ""Lezzetsiz"", ""weight"": 5}, {""text"": ""Yağlı"", ""weight"": 4}, {""text"": ""Geç"", ""weight"": 4}, {""text"": ""Az porsiyon"", ""weight"": 5}, {""text"": ""Soğuk"", ""weight"": 4}]","{""restaurant_courier"": {""fee"": 22, ""avg_cost"": 28.44, ""monthly_revenue"": 5261, ""churn_label"": ""ORTA""}, ""own_courier"": {""fee"": 0, ""avg_cost"": 33.64, ""monthly_revenue"": 1170665, ""churn_label"": ""ORTA""}}"
34-şile,,2026-05-01,5.59,4.44,"[{""label"": ""Uzun bekleme"", ""color"": ""#EE4444"", ""percent"": 9.7}, {""label"": ""Yanlış ürün"", ""color"": ""#A65EEA"", ""percent"": 34.7}, {""label"": ""Lezzet"", ""color"": ""#22CCEE"", ""percent"": 30.6}, {""label"": ""Ürün stokta yok"", ""color"": ""#66DD22"", ""percent"": 16.7}, {""label"": ""Diğer"", ""color"": ""#F99F1B"", ""percent"": 8.3}]","[{""label"": ""Eksik Malzeme"", ""color"": ""#EE4444"", ""percent"": 38.8}, {""label"": ""Soğuk Geldi"", ""color"": ""#A65EEA"", ""percent"": 21.4}, {""label"": ""Yanlış Sipariş"", ""color"": ""#22CCEE"", ""percent"": 10.2}, {""label"": ""Ambalaj"", ""color"": ""#F99F1B"", ""percent"": 29.6}]",71.5,4.04,4.82,3.48,135.3,130.83,1035878,20,"[[5, 4, 5, 5, 5, 4, 4, 10, 15, 22, 31, 63, 68, 60, 55, 43, 32, 56, 77, 85, 78, 51, 21, 11], [5, 5, 5, 4, 5, 5, 4, 8, 13, 17, 27, 51, 77, 71, 50, 34, 32, 49, 74, 87, 64, 57, 21, 10], [4, 4, 5, 5, 5, 5, 5, 9, 16, 18, 30, 62, 81, 76, 50, 42, 35, 53, 82, 76, 63, 57, 24, 10], [4, 5, 4, 4, 4, 5, 5, 9, 13, 18, 26, 54, 75, 75, 46, 34, 37, 43, 72, 95, 79, 45, 21, 10], [4, 5, 5, 4, 5, 4, 4, 9, 15, 18, 26, 65, 79, 71, 54, 34, 37, 55, 71, 74, 68, 57, 22, 10], [5, 5, 6, 6, 6, 6, 5, 13, 18, 21, 34, 79, 83, 88, 64, 51, 36, 55, 89, 100, 80, 52, 26, 10], [6, 6, 5, 6, 6, 5, 5, 12, 18, 24, 40, 68, 83, 72, 65, 47, 44, 54, 99, 100, 89, 61, 30, 11]]",536,21.58,2.31,"[{""platform_id"": 1, ""percent"": 45.5}, {""platform_id"": 2, ""percent"": 34.6}, {""platform_id"": 3, ""percent"": 19.9}]","[{""stars"": 5, ""percent"": 8.1, ""count"": 630}, {""stars"": 4, ""percent"": 13.7, ""count"": 1190}, {""stars"": 3, ""percent"": 26.6, ""count"": 891}, {""stars"": 2, ""percent"": 28.2, ""count"": 1785}, {""stars"": 1, ""percent"": 23.4, ""count"": 1682}]","[{""text"": ""Bayat"", ""weight"": 5}, {""text"": ""Lezzetsiz"", ""weight"": 4}, {""text"": ""Kötü"", ""weight"": 5}, {""text"": ""Soğuk"", ""weight"": 5}, {""text"": ""Yağlı"", ""weight"": 5}, {""text"": ""Eksik"", ""weight"": 3}]","{""restaurant_courier"": {""fee"": 24, ""avg_cost"": 36.61, ""monthly_revenue"": 5635, ""churn_label"": ""YÜKSEK""}, ""own_courier"": {""fee"": 0, ""avg_cost"": 36.49, ""monthly_revenue"": 1089842, ""churn_label"": ""ORTA""}}"
34-adalar,,2026-05-01,6.32,8.3,"[{""label"": ""Uzun bekleme"", ""color"": ""#EE4444"", ""percent"": 29.2}, {""label"": ""Yanlış ürün"", ""color"": ""#A65EEA"", ""percent"": 12.4}, {""label"": ""Lezzet"", ""color"": ""#22CCEE"", ""percent"": 38.2}, {""label"": ""Ürün stokta yok"", ""color"": ""#66DD22"", ""percent"": 9.0}, {""label"": ""Diğer"", ""color"": ""#F99F1B"", ""percent"": 11.2}]","[{""label"": ""Eksik Malzeme"", ""color"": ""#EE4444"", ""percent"": 28.4}, {""label"": ""Soğuk Geldi"", ""color"": ""#A65EEA"", ""percent"": 28.4}, {""label"": ""Yanlış Sipariş"", ""color"": ""#22CCEE"", ""percent"": 23.1}, {""label"": ""Ambalaj"", ""color"": ""#F99F1B"", ""percent"": 20.1}]",78.3,3.59,4.64,3.02,180.6,200.84,1011299,20,"[[5, 5, 4, 4, 5, 5, 4, 8, 16, 19, 33, 51, 73, 78, 46, 43, 32, 47, 64, 77, 68, 53, 23, 10], [4, 5, 4, 5, 5, 4, 4, 8, 13, 21, 33, 52, 89, 71, 42, 40, 29, 56, 83, 96, 68, 47, 27, 9], [4, 5, 4, 5, 4, 4, 4, 10, 16, 17, 30, 58, 79, 63, 49, 34, 30, 56, 84, 76, 84, 45, 24, 9], [5, 5, 4, 4, 4, 4, 5, 9, 16, 20, 32, 68, 71, 76, 43, 37, 35, 46, 85, 72, 83, 54, 24, 9], [4, 4, 5, 4, 5, 4, 4, 10, 14, 19, 32, 55, 73, 69, 56, 44, 35, 45, 64, 89, 72, 46, 24, 11], [5, 5, 5, 5, 6, 5, 5, 13, 18, 21, 33, 68, 100, 72, 54, 49, 36, 63, 80, 100, 100, 60, 33, 12], [5, 6, 5, 6, 5, 5, 5, 13, 19, 23, 41, 71, 100, 96, 62, 52, 42, 62, 77, 94, 83, 54, 31, 11]]",1414,20.02,2.2,"[{""platform_id"": 1, ""percent"": 22.0}, {""platform_id"": 2, ""percent"": 36.7}, {""platform_id"": 3, ""percent"": 41.2}]","[{""stars"": 5, ""percent"": 11.1, ""count"": 658}, {""stars"": 4, ""percent"": 23.8, ""count"": 1320}, {""stars"": 3, ""percent"": 18.3, ""count"": 1150}, {""stars"": 2, ""percent"": 27.8, ""count"": 2310}, {""stars"": 1, ""percent"": 19.0, ""count"": 1368}]","[{""text"": ""Eksik"", ""weight"": 1}, {""text"": ""Az porsiyon"", ""weight"": 3}, {""text"": ""Geç"", ""weight"": 3}, {""text"": ""Pahalı"", ""weight"": 1}, {""text"": ""Bayat"", ""weight"": 3}, {""text"": ""Kötü"", ""weight"": 5}]","{""restaurant_courier"": {""fee"": 22, ""avg_cost"": 37.63, ""monthly_revenue"": 4208, ""churn_label"": ""YÜKSEK""}, ""own_courier"": {""fee"": 0, ""avg_cost"": 33.99, ""monthly_revenue"": 926889, ""churn_label"": ""DÜŞÜK""}}"
