neighborhood_id,category_id,period_date,cancel_rate,return_rate,cancel_reasons,return_reasons,area_performance_score,area_rating,highest_rating,lowest_rating,avg_basket,avg_menu_price,avg_monthly_revenue,courier_fee,hourly_heatmap,negative_comment_total,negative_comment_rate,negative_avg_rating,platform_negative_distribution,rating_distribution,negative_word_cloud,courier_comparison
429,,2026-05-01,17.1,11.59,"[{""label"": ""Uzun bekleme"", ""color"": ""#EE4444"", ""percent"": 45}, {""label"": ""Yanlış ürün"", ""color"": ""#A65EEA"", ""percent"": 25}, {""label"": ""Lezzet"", ""color"": ""#22CCEE"", ""percent"": 15}, {""label"": ""Ürün stokta yok"", ""color"": ""#66DD22"", ""percent"": 10}, {""label"": ""Diğer"", ""color"": ""#F99F1B"", ""percent"": 5}]","[{""label"": ""Eksik Malzeme"", ""color"": ""#EE4444"", ""percent"": 48}, {""label"": ""Soğuk Geldi"", ""color"": ""#A65EEA"", ""percent"": 34}, {""label"": ""Yanlış Sipariş"", ""color"": ""#22CCEE"", ""percent"": 18}, {""label"": ""Ambalaj"", ""color"": ""#F99F1B"", ""percent"": 12}]",62.0,4.6,4.86,3.98,88,158,475970,16,"[[2, 5, 2, 4, 6, 2, 9, 4, 15, 29, 23, 69, 69, 62, 61, 35, 18, 24, 92, 92, 82, 81, 90, 18], [9, 8, 5, 9, 6, 3, 4, 4, 30, 30, 20, 61, 67, 70, 58, 33, 22, 32, 91, 90, 95, 80, 95, 18], [4, 10, 5, 2, 7, 4, 9, 9, 33, 24, 24, 61, 58, 61, 77, 25, 23, 32, 95, 81, 72, 78, 92, 31], [7, 10, 2, 4, 10, 5, 6, 3, 15, 29, 25, 58, 64, 66, 55, 23, 35, 26, 78, 73, 77, 70, 86, 32], [8, 5, 9, 9, 5, 2, 5, 10, 29, 17, 35, 64, 78, 67, 56, 15, 15, 24, 89, 95, 71, 78, 74, 19], [10, 2, 10, 4, 2, 9, 6, 5, 33, 37, 35, 85, 81, 70, 67, 17, 20, 33, 96, 81, 100, 100, 83, 17], [3, 5, 11, 3, 9, 10, 2, 3, 40, 25, 40, 81, 89, 71, 88, 23, 32, 19, 96, 100, 88, 100, 100, 29]]",167,23.02,3.08,"[{""platform_id"": 1, ""percent"": 43.1}, {""platform_id"": 2, ""percent"": 33.7}, {""platform_id"": 3, ""percent"": 23.2}]","[{""stars"": 5, ""percent"": 25, ""count"": 500}, {""stars"": 4, ""percent"": 30, ""count"": 600}, {""stars"": 3, ""percent"": 20, ""count"": 400}, {""stars"": 2, ""percent"": 15, ""count"": 300}, {""stars"": 1, ""percent"": 10, ""count"": 200}]","[{""text"": ""Soğuk"", ""weight"": 5}, {""text"": ""Geç"", ""weight"": 4}, {""text"": ""Bayat"", ""weight"": 3}, {""text"": ""Kötü"", ""weight"": 3}, {""text"": ""Eksik"", ""weight"": 2}, {""text"": ""Pahalı"", ""weight"": 2}, {""text"": ""İade"", ""weight"": 1}]","{""restaurant_courier"": {""fee"": 22, ""avg_cost"": 33.9, ""monthly_revenue"": 8199, ""churn_label"": ""YÜKSEK""}, ""own_courier"": {""fee"": 0, ""avg_cost"": 33.53, ""monthly_revenue"": 1152244, ""churn_label"": ""DÜŞÜK""}}"
863,,2026-05-01,10.31,4.46,"[{""label"": ""Uzun bekleme"", ""color"": ""#EE4444"", ""percent"": 45}, {""label"": ""Yanlış ürün"", ""color"": ""#A65EEA"", ""percent"": 25}, {""label"": ""Lezzet"", ""color"": ""#22CCEE"", ""percent"": 15}, {""label"": ""Ürün stokta yok"", ""color"": ""#66DD22"", ""percent"": 10}, {""label"": ""Diğer"", ""color"": ""#F99F1B"", ""percent"": 5}]","[{""label"": ""Eksik Malzeme"", ""color"": ""#EE4444"", ""percent"": 48}, {""label"": ""Soğuk Geldi"", ""color"": ""#A65EEA"", ""percent"": 34}, {""label"": ""Yanlış Sipariş"", ""color"": ""#22CCEE"", ""percent"": 18}, {""label"": ""Ambalaj"", ""color"": ""#F99F1B"", ""percent"": 12}]",76.0,4.5,4.93,3.92,96,140,1050818,16,"[[3, 7, 8, 2, 6, 7, 9, 6, 29, 30, 32, 74, 70, 59, 73, 30, 16, 32, 77, 76, 92, 76, 70, 24], [3, 5, 10, 6, 4, 9, 2, 3, 35, 28, 31, 72, 79, 79, 72, 24, 30, 18, 94, 88, 79, 87, 81, 32], [8, 5, 2, 8, 9, 2, 8, 6, 15, 21, 28, 59, 77, 62, 71, 15, 23, 33, 90, 80, 73, 92, 78, 25], [5, 6, 2, 4, 9, 8, 6, 10, 15, 17, 26, 71, 71, 60, 80, 17, 21, 16, 87, 93, 81, 85, 84, 15], [2, 5, 9, 9, 10, 7, 7, 8, 20, 16, 20, 69, 55, 58, 61, 25, 15, 26, 83, 92, 70, 94, 70, 35], [8, 5, 6, 11, 2, 9, 4, 4, 31, 33, 25, 78, 67, 87, 92, 39, 40, 25, 88, 86, 100, 81, 98, 36], [3, 4, 11, 9, 4, 6, 8, 11, 27, 21, 18, 88, 81, 63, 83, 19, 24, 27, 100, 89, 85, 100, 98, 36]]",565,24.47,2.36,"[{""platform_id"": 1, ""percent"": 40.5}, {""platform_id"": 2, ""percent"": 36.1}, {""platform_id"": 3, ""percent"": 23.4}]","[{""stars"": 5, ""percent"": 25, ""count"": 500}, {""stars"": 4, ""percent"": 30, ""count"": 600}, {""stars"": 3, ""percent"": 20, ""count"": 400}, {""stars"": 2, ""percent"": 15, ""count"": 300}, {""stars"": 1, ""percent"": 10, ""count"": 200}]","[{""text"": ""Soğuk"", ""weight"": 5}, {""text"": ""Geç"", ""weight"": 4}, {""text"": ""Bayat"", ""weight"": 3}, {""text"": ""Kötü"", ""weight"": 3}, {""text"": ""Eksik"", ""weight"": 2}, {""text"": ""Pahalı"", ""weight"": 2}, {""text"": ""İade"", ""weight"": 1}]","{""restaurant_courier"": {""fee"": 22, ""avg_cost"": 36.27, ""monthly_revenue"": 7665, ""churn_label"": ""YÜKSEK""}, ""own_courier"": {""fee"": 0, ""avg_cost"": 34.11, ""monthly_revenue"": 871531, ""churn_label"": ""DÜŞÜK""}}"
104,,2026-05-01,8.18,5.43,"[{""label"": ""Uzun bekleme"", ""color"": ""#EE4444"", ""percent"": 45}, {""label"": ""Yanlış ürün"", ""color"": ""#A65EEA"", ""percent"": 25}, {""label"": ""Lezzet"", ""color"": ""#22CCEE"", ""percent"": 15}, {""label"": ""Ürün stokta yok"", ""color"": ""#66DD22"", ""percent"": 10}, {""label"": ""Diğer"", ""color"": ""#F99F1B"", ""percent"": 5}]","[{""label"": ""Eksik Malzeme"", ""color"": ""#EE4444"", ""percent"": 48}, {""label"": ""Soğuk Geldi"", ""color"": ""#A65EEA"", ""percent"": 34}, {""label"": ""Yanlış Sipariş"", ""color"": ""#22CCEE"", ""percent"": 18}, {""label"": ""Ambalaj"", ""color"": ""#F99F1B"", ""percent"": 12}]",83.0,4.09,4.37,3.4,102,113,837610,19,"[[8, 9, 8, 5, 5, 8, 2, 8, 29, 29, 16, 71, 65, 61, 62, 30, 35, 34, 94, 90, 86, 76, 82, 25], [9, 4, 8, 9, 2, 10, 5, 6, 29, 30, 30, 63, 56, 60, 75, 18, 16, 27, 78, 70, 75, 76, 76, 18], [7, 4, 5, 5, 8, 5, 6, 7, 21, 24, 24, 65, 69, 79, 62, 26, 16, 34, 76, 95, 82, 82, 86, 33], [7, 7, 8, 4, 5, 10, 7, 7, 18, 21, 33, 65, 55, 57, 76, 31, 27, 33, 80, 73, 79, 93, 75, 23], [9, 6, 4, 10, 4, 10, 9, 4, 29, 16, 15, 60, 66, 78, 75, 29, 29, 34, 74, 70, 85, 73, 76, 33], [4, 2, 2, 3, 10, 9, 2, 8, 24, 35, 19, 70, 78, 79, 64, 36, 26, 32, 97, 88, 100, 100, 88, 34], [4, 3, 5, 10, 10, 5, 3, 11, 24, 17, 18, 78, 64, 86, 74, 35, 40, 39, 98, 100, 94, 94, 100, 34]]",635,14.3,2.47,"[{""platform_id"": 1, ""percent"": 41.7}, {""platform_id"": 2, ""percent"": 30.2}, {""platform_id"": 3, ""percent"": 28.1}]","[{""stars"": 5, ""percent"": 25, ""count"": 500}, {""stars"": 4, ""percent"": 30, ""count"": 600}, {""stars"": 3, ""percent"": 20, ""count"": 400}, {""stars"": 2, ""percent"": 15, ""count"": 300}, {""stars"": 1, ""percent"": 10, ""count"": 200}]","[{""text"": ""Soğuk"", ""weight"": 5}, {""text"": ""Geç"", ""weight"": 4}, {""text"": ""Bayat"", ""weight"": 3}, {""text"": ""Kötü"", ""weight"": 3}, {""text"": ""Eksik"", ""weight"": 2}, {""text"": ""Pahalı"", ""weight"": 2}, {""text"": ""İade"", ""weight"": 1}]","{""restaurant_courier"": {""fee"": 27, ""avg_cost"": 34.37, ""monthly_revenue"": 5788, ""churn_label"": ""YÜKSEK""}, ""own_courier"": {""fee"": 0, ""avg_cost"": 29.1, ""monthly_revenue"": 812331, ""churn_label"": ""DÜŞÜK""}}"
218,,2026-05-01,13.44,4.96,"[{""label"": ""Uzun bekleme"", ""color"": ""#EE4444"", ""percent"": 45}, {""label"": ""Yanlış ürün"", ""color"": ""#A65EEA"", ""percent"": 25}, {""label"": ""Lezzet"", ""color"": ""#22CCEE"", ""percent"": 15}, {""label"": ""Ürün stokta yok"", ""color"": ""#66DD22"", ""percent"": 10}, {""label"": ""Diğer"", ""color"": ""#F99F1B"", ""percent"": 5}]","[{""label"": ""Eksik Malzeme"", ""color"": ""#EE4444"", ""percent"": 48}, {""label"": ""Soğuk Geldi"", ""color"": ""#A65EEA"", ""percent"": 34}, {""label"": ""Yanlış Sipariş"", ""color"": ""#22CCEE"", ""percent"": 18}, {""label"": ""Ambalaj"", ""color"": ""#F99F1B"", ""percent"": 12}]",74.0,4.52,4.83,3.9,64,107,886441,21,"[[3, 2, 9, 5, 2, 6, 5, 2, 22, 26, 35, 58, 78, 59, 58, 18, 32, 26, 88, 78, 88, 82, 84, 21], [9, 3, 6, 3, 9, 9, 6, 4, 18, 15, 27, 80, 74, 59, 70, 31, 26, 17, 90, 90, 85, 79, 91, 28], [7, 7, 2, 5, 4, 2, 4, 3, 17, 17, 27, 61, 63, 63, 80, 24, 30, 31, 72, 71, 75, 83, 90, 35], [2, 9, 10, 2, 7, 4, 7, 7, 16, 21, 33, 56, 67, 77, 67, 24, 19, 29, 79, 70, 74, 91, 85, 15], [5, 9, 3, 4, 3, 5, 5, 10, 18, 15, 32, 80, 62, 58, 59, 27, 17, 23, 79, 86, 72, 72, 78, 22], [6, 11, 4, 9, 3, 6, 9, 3, 32, 40, 36, 92, 63, 65, 89, 32, 29, 28, 94, 83, 82, 89, 88, 24], [4, 3, 6, 4, 3, 10, 11, 5, 17, 40, 20, 89, 72, 86, 83, 35, 40, 27, 94, 100, 97, 83, 83, 18]]",103,17.22,2.35,"[{""platform_id"": 1, ""percent"": 34.1}, {""platform_id"": 2, ""percent"": 42.0}, {""platform_id"": 3, ""percent"": 23.9}]","[{""stars"": 5, ""percent"": 25, ""count"": 500}, {""stars"": 4, ""percent"": 30, ""count"": 600}, {""stars"": 3, ""percent"": 20, ""count"": 400}, {""stars"": 2, ""percent"": 15, ""count"": 300}, {""stars"": 1, ""percent"": 10, ""count"": 200}]","[{""text"": ""Soğuk"", ""weight"": 5}, {""text"": ""Geç"", ""weight"": 4}, {""text"": ""Bayat"", ""weight"": 3}, {""text"": ""Kötü"", ""weight"": 3}, {""text"": ""Eksik"", ""weight"": 2}, {""text"": ""Pahalı"", ""weight"": 2}, {""text"": ""İade"", ""weight"": 1}]","{""restaurant_courier"": {""fee"": 18, ""avg_cost"": 37.62, ""monthly_revenue"": 5820, ""churn_label"": ""YÜKSEK""}, ""own_courier"": {""fee"": 0, ""avg_cost"": 35.66, ""monthly_revenue"": 759636, ""churn_label"": ""DÜŞÜK""}}"
140,,2026-05-01,12.46,11.91,"[{""label"": ""Uzun bekleme"", ""color"": ""#EE4444"", ""percent"": 45}, {""label"": ""Yanlış ürün"", ""color"": ""#A65EEA"", ""percent"": 25}, {""label"": ""Lezzet"", ""color"": ""#22CCEE"", ""percent"": 15}, {""label"": ""Ürün stokta yok"", ""color"": ""#66DD22"", ""percent"": 10}, {""label"": ""Diğer"", ""color"": ""#F99F1B"", ""percent"": 5}]","[{""label"": ""Eksik Malzeme"", ""color"": ""#EE4444"", ""percent"": 48}, {""label"": ""Soğuk Geldi"", ""color"": ""#A65EEA"", ""percent"": 34}, {""label"": ""Yanlış Sipariş"", ""color"": ""#22CCEE"", ""percent"": 18}, {""label"": ""Ambalaj"", ""color"": ""#F99F1B"", ""percent"": 12}]",70.0,4.47,4.81,3.97,118,137,676441,16,"[[8, 3, 5, 4, 8, 9, 7, 3, 33, 20, 25, 68, 57, 69, 57, 29, 31, 26, 74, 76, 77, 79, 77, 21], [4, 6, 9, 8, 5, 7, 6, 4, 27, 31, 34, 56, 79, 59, 73, 32, 29, 29, 82, 81, 86, 72, 84, 29], [7, 4, 9, 6, 2, 9, 10, 4, 29, 31, 27, 67, 80, 80, 66, 28, 15, 34, 95, 79, 76, 72, 74, 32], [9, 2, 9, 10, 7, 7, 6, 8, 18, 27, 26, 71, 63, 66, 69, 24, 21, 20, 87, 82, 76, 94, 75, 27], [10, 4, 9, 7, 2, 5, 3, 5, 30, 29, 24, 61, 80, 75, 68, 29, 29, 21, 79, 95, 81, 94, 95, 23], [9, 2, 10, 6, 4, 5, 10, 2, 19, 35, 39, 89, 63, 69, 73, 20, 27, 37, 93, 100, 100, 96, 86, 36], [8, 6, 8, 11, 5, 11, 2, 8, 23, 28, 31, 63, 74, 69, 75, 33, 29, 34, 100, 89, 94, 100, 86, 40]]",185,31.44,2.7,"[{""platform_id"": 1, ""percent"": 46.9}, {""platform_id"": 2, ""percent"": 28.3}, {""platform_id"": 3, ""percent"": 24.8}]","[{""stars"": 5, ""percent"": 25, ""count"": 500}, {""stars"": 4, ""percent"": 30, ""count"": 600}, {""stars"": 3, ""percent"": 20, ""count"": 400}, {""stars"": 2, ""percent"": 15, ""count"": 300}, {""stars"": 1, ""percent"": 10, ""count"": 200}]","[{""text"": ""Soğuk"", ""weight"": 5}, {""text"": ""Geç"", ""weight"": 4}, {""text"": ""Bayat"", ""weight"": 3}, {""text"": ""Kötü"", ""weight"": 3}, {""text"": ""Eksik"", ""weight"": 2}, {""text"": ""Pahalı"", ""weight"": 2}, {""text"": ""İade"", ""weight"": 1}]","{""restaurant_courier"": {""fee"": 25, ""avg_cost"": 30.38, ""monthly_revenue"": 8453, ""churn_label"": ""YÜKSEK""}, ""own_courier"": {""fee"": 0, ""avg_cost"": 32.7, ""monthly_revenue"": 950230, ""churn_label"": ""DÜŞÜK""}}"
661,,2026-05-01,9.04,7.37,"[{""label"": ""Uzun bekleme"", ""color"": ""#EE4444"", ""percent"": 45}, {""label"": ""Yanlış ürün"", ""color"": ""#A65EEA"", ""percent"": 25}, {""label"": ""Lezzet"", ""color"": ""#22CCEE"", ""percent"": 15}, {""label"": ""Ürün stokta yok"", ""color"": ""#66DD22"", ""percent"": 10}, {""label"": ""Diğer"", ""color"": ""#F99F1B"", ""percent"": 5}]","[{""label"": ""Eksik Malzeme"", ""color"": ""#EE4444"", ""percent"": 48}, {""label"": ""Soğuk Geldi"", ""color"": ""#A65EEA"", ""percent"": 34}, {""label"": ""Yanlış Sipariş"", ""color"": ""#22CCEE"", ""percent"": 18}, {""label"": ""Ambalaj"", ""color"": ""#F99F1B"", ""percent"": 12}]",72.0,4.61,5.02,4.0,90,169,759595,21,"[[8, 9, 3, 10, 9, 9, 5, 10, 20, 18, 21, 78, 62, 59, 75, 21, 33, 25, 93, 70, 86, 79, 80, 35], [6, 7, 3, 3, 3, 6, 5, 6, 15, 32, 19, 64, 72, 74, 66, 18, 30, 24, 92, 79, 73, 72, 76, 18], [4, 10, 7, 8, 7, 8, 2, 10, 18, 25, 22, 72, 79, 78, 75, 23, 17, 22, 85, 86, 94, 81, 93, 31], [4, 9, 9, 3, 9, 3, 6, 9, 24, 29, 26, 68, 78, 63, 64, 27, 24, 33, 74, 92, 74, 80, 77, 15], [4, 3, 4, 2, 10, 6, 5, 7, 23, 25, 31, 66, 67, 56, 67, 29, 31, 17, 95, 72, 94, 95, 75, 21], [3, 10, 5, 11, 8, 8, 10, 10, 27, 25, 35, 77, 85, 77, 66, 23, 35, 25, 86, 100, 81, 100, 100, 25], [9, 4, 3, 5, 9, 8, 6, 6, 19, 37, 35, 67, 90, 79, 89, 39, 24, 23, 97, 82, 81, 83, 93, 19]]",499,17.54,2.47,"[{""platform_id"": 1, ""percent"": 42.2}, {""platform_id"": 2, ""percent"": 28.2}, {""platform_id"": 3, ""percent"": 29.7}]","[{""stars"": 5, ""percent"": 25, ""count"": 500}, {""stars"": 4, ""percent"": 30, ""count"": 600}, {""stars"": 3, ""percent"": 20, ""count"": 400}, {""stars"": 2, ""percent"": 15, ""count"": 300}, {""stars"": 1, ""percent"": 10, ""count"": 200}]","[{""text"": ""Soğuk"", ""weight"": 5}, {""text"": ""Geç"", ""weight"": 4}, {""text"": ""Bayat"", ""weight"": 3}, {""text"": ""Kötü"", ""weight"": 3}, {""text"": ""Eksik"", ""weight"": 2}, {""text"": ""Pahalı"", ""weight"": 2}, {""text"": ""İade"", ""weight"": 1}]","{""restaurant_courier"": {""fee"": 28, ""avg_cost"": 35.8, ""monthly_revenue"": 8505, ""churn_label"": ""YÜKSEK""}, ""own_courier"": {""fee"": 0, ""avg_cost"": 26.62, ""monthly_revenue"": 998694, ""churn_label"": ""DÜŞÜK""}}"
753,,2026-05-01,7.3,9.05,"[{""label"": ""Uzun bekleme"", ""color"": ""#EE4444"", ""percent"": 45}, {""label"": ""Yanlış ürün"", ""color"": ""#A65EEA"", ""percent"": 25}, {""label"": ""Lezzet"", ""color"": ""#22CCEE"", ""percent"": 15}, {""label"": ""Ürün stokta yok"", ""color"": ""#66DD22"", ""percent"": 10}, {""label"": ""Diğer"", ""color"": ""#F99F1B"", ""percent"": 5}]","[{""label"": ""Eksik Malzeme"", ""color"": ""#EE4444"", ""percent"": 48}, {""label"": ""Soğuk Geldi"", ""color"": ""#A65EEA"", ""percent"": 34}, {""label"": ""Yanlış Sipariş"", ""color"": ""#22CCEE"", ""percent"": 18}, {""label"": ""Ambalaj"", ""color"": ""#F99F1B"", ""percent"": 12}]",76.0,4.1,4.47,3.43,90,171,943593,27,"[[2, 3, 6, 5, 4, 5, 5, 4, 25, 23, 31, 59, 75, 71, 61, 19, 22, 23, 91, 83, 90, 91, 79, 30], [8, 3, 10, 6, 3, 7, 7, 7, 18, 21, 31, 69, 61, 58, 55, 30, 32, 31, 94, 73, 87, 72, 72, 16], [4, 7, 7, 8, 4, 4, 3, 4, 16, 17, 18, 65, 76, 75, 77, 27, 22, 20, 88, 87, 89, 80, 81, 16], [3, 2, 2, 10, 9, 9, 7, 6, 35, 32, 24, 75, 80, 74, 60, 15, 26, 21, 90, 92, 88, 94, 82, 35], [2, 2, 8, 6, 9, 7, 6, 2, 15, 22, 15, 60, 75, 75, 61, 20, 26, 30, 75, 94, 85, 77, 83, 22], [6, 8, 5, 3, 4, 6, 5, 8, 19, 23, 36, 74, 77, 86, 70, 17, 20, 35, 86, 83, 89, 83, 81, 23], [11, 5, 3, 10, 5, 4, 2, 6, 35, 29, 24, 87, 89, 86, 81, 29, 40, 35, 93, 100, 100, 100, 80, 37]]",540,28.38,3.09,"[{""platform_id"": 1, ""percent"": 35.2}, {""platform_id"": 2, ""percent"": 43.6}, {""platform_id"": 3, ""percent"": 21.2}]","[{""stars"": 5, ""percent"": 25, ""count"": 500}, {""stars"": 4, ""percent"": 30, ""count"": 600}, {""stars"": 3, ""percent"": 20, ""count"": 400}, {""stars"": 2, ""percent"": 15, ""count"": 300}, {""stars"": 1, ""percent"": 10, ""count"": 200}]","[{""text"": ""Soğuk"", ""weight"": 5}, {""text"": ""Geç"", ""weight"": 4}, {""text"": ""Bayat"", ""weight"": 3}, {""text"": ""Kötü"", ""weight"": 3}, {""text"": ""Eksik"", ""weight"": 2}, {""text"": ""Pahalı"", ""weight"": 2}, {""text"": ""İade"", ""weight"": 1}]","{""restaurant_courier"": {""fee"": 19, ""avg_cost"": 28.06, ""monthly_revenue"": 7089, ""churn_label"": ""YÜKSEK""}, ""own_courier"": {""fee"": 0, ""avg_cost"": 26.28, ""monthly_revenue"": 848754, ""churn_label"": ""DÜŞÜK""}}"
534,,2026-05-01,14.99,7.21,"[{""label"": ""Uzun bekleme"", ""color"": ""#EE4444"", ""percent"": 45}, {""label"": ""Yanlış ürün"", ""color"": ""#A65EEA"", ""percent"": 25}, {""label"": ""Lezzet"", ""color"": ""#22CCEE"", ""percent"": 15}, {""label"": ""Ürün stokta yok"", ""color"": ""#66DD22"", ""percent"": 10}, {""label"": ""Diğer"", ""color"": ""#F99F1B"", ""percent"": 5}]","[{""label"": ""Eksik Malzeme"", ""color"": ""#EE4444"", ""percent"": 48}, {""label"": ""Soğuk Geldi"", ""color"": ""#A65EEA"", ""percent"": 34}, {""label"": ""Yanlış Sipariş"", ""color"": ""#22CCEE"", ""percent"": 18}, {""label"": ""Ambalaj"", ""color"": ""#F99F1B"", ""percent"": 12}]",61.0,4.51,4.79,3.81,129,171,636276,23,"[[10, 5, 4, 2, 7, 4, 9, 3, 16, 25, 26, 59, 60, 57, 65, 33, 29, 21, 82, 82, 76, 87, 74, 18], [7, 2, 10, 4, 3, 7, 6, 9, 35, 19, 27, 64, 56, 66, 74, 29, 26, 35, 81, 81, 92, 81, 83, 26], [5, 5, 5, 10, 10, 6, 10, 10, 33, 25, 25, 71, 70, 61, 61, 35, 20, 15, 88, 78, 92, 90, 89, 26], [3, 7, 10, 10, 3, 9, 8, 10, 29, 35, 17, 64, 60, 66, 55, 27, 22, 31, 79, 90, 82, 82, 82, 32], [7, 2, 3, 4, 3, 8, 3, 7, 24, 21, 33, 69, 70, 71, 59, 24, 19, 34, 82, 83, 79, 73, 77, 22], [8, 11, 11, 5, 2, 3, 4, 4, 27, 35, 23, 71, 70, 77, 65, 23, 17, 18, 90, 87, 92, 94, 83, 39], [2, 3, 6, 11, 4, 4, 8, 5, 25, 28, 36, 88, 87, 80, 83, 20, 34, 27, 100, 86, 96, 100, 96, 19]]",625,24.4,2.47,"[{""platform_id"": 1, ""percent"": 42.4}, {""platform_id"": 2, ""percent"": 34.1}, {""platform_id"": 3, ""percent"": 23.4}]","[{""stars"": 5, ""percent"": 25, ""count"": 500}, {""stars"": 4, ""percent"": 30, ""count"": 600}, {""stars"": 3, ""percent"": 20, ""count"": 400}, {""stars"": 2, ""percent"": 15, ""count"": 300}, {""stars"": 1, ""percent"": 10, ""count"": 200}]","[{""text"": ""Soğuk"", ""weight"": 5}, {""text"": ""Geç"", ""weight"": 4}, {""text"": ""Bayat"", ""weight"": 3}, {""text"": ""Kötü"", ""weight"": 3}, {""text"": ""Eksik"", ""weight"": 2}, {""text"": ""Pahalı"", ""weight"": 2}, {""text"": ""İade"", ""weight"": 1}]","{""restaurant_courier"": {""fee"": 16, ""avg_cost"": 31.17, ""monthly_revenue"": 4509, ""churn_label"": ""YÜKSEK""}, ""own_courier"": {""fee"": 0, ""avg_cost"": 36.36, ""monthly_revenue"": 1221987, ""churn_label"": ""DÜŞÜK""}}"
71,,2026-05-01,10.53,4.14,"[{""label"": ""Uzun bekleme"", ""color"": ""#EE4444"", ""percent"": 45}, {""label"": ""Yanlış ürün"", ""color"": ""#A65EEA"", ""percent"": 25}, {""label"": ""Lezzet"", ""color"": ""#22CCEE"", ""percent"": 15}, {""label"": ""Ürün stokta yok"", ""color"": ""#66DD22"", ""percent"": 10}, {""label"": ""Diğer"", ""color"": ""#F99F1B"", ""percent"": 5}]","[{""label"": ""Eksik Malzeme"", ""color"": ""#EE4444"", ""percent"": 48}, {""label"": ""Soğuk Geldi"", ""color"": ""#A65EEA"", ""percent"": 34}, {""label"": ""Yanlış Sipariş"", ""color"": ""#22CCEE"", ""percent"": 18}, {""label"": ""Ambalaj"", ""color"": ""#F99F1B"", ""percent"": 12}]",72.0,4.21,4.69,3.73,65,153,950966,27,"[[6, 10, 5, 2, 6, 9, 6, 9, 26, 28, 20, 59, 62, 64, 76, 32, 19, 27, 79, 82, 78, 89, 76, 22], [10, 4, 10, 8, 5, 2, 9, 7, 22, 32, 35, 78, 77, 76, 59, 21, 15, 15, 79, 88, 95, 71, 76, 23], [10, 9, 7, 7, 10, 5, 10, 8, 35, 20, 28, 70, 55, 67, 56, 17, 32, 17, 94, 92, 74, 77, 92, 19], [9, 10, 10, 7, 8, 4, 6, 10, 29, 16, 24, 69, 55, 60, 61, 16, 29, 22, 81, 73, 74, 77, 84, 29], [4, 8, 6, 6, 4, 7, 3, 7, 15, 20, 21, 70, 79, 60, 70, 23, 22, 22, 83, 85, 71, 83, 75, 31], [5, 8, 5, 9, 3, 4, 8, 5, 18, 39, 27, 65, 67, 92, 63, 20, 21, 36, 94, 100, 97, 92, 97, 29], [6, 11, 4, 5, 10, 2, 10, 6, 37, 25, 28, 89, 88, 71, 88, 28, 29, 20, 90, 81, 86, 87, 85, 37]]",647,24.99,3.0,"[{""platform_id"": 1, ""percent"": 38.5}, {""platform_id"": 2, ""percent"": 37.1}, {""platform_id"": 3, ""percent"": 24.4}]","[{""stars"": 5, ""percent"": 25, ""count"": 500}, {""stars"": 4, ""percent"": 30, ""count"": 600}, {""stars"": 3, ""percent"": 20, ""count"": 400}, {""stars"": 2, ""percent"": 15, ""count"": 300}, {""stars"": 1, ""percent"": 10, ""count"": 200}]","[{""text"": ""Soğuk"", ""weight"": 5}, {""text"": ""Geç"", ""weight"": 4}, {""text"": ""Bayat"", ""weight"": 3}, {""text"": ""Kötü"", ""weight"": 3}, {""text"": ""Eksik"", ""weight"": 2}, {""text"": ""Pahalı"", ""weight"": 2}, {""text"": ""İade"", ""weight"": 1}]","{""restaurant_courier"": {""fee"": 23, ""avg_cost"": 31.89, ""monthly_revenue"": 4729, ""churn_label"": ""YÜKSEK""}, ""own_courier"": {""fee"": 0, ""avg_cost"": 30.61, ""monthly_revenue"": 976706, ""churn_label"": ""DÜŞÜK""}}"
407,,2026-05-01,17.86,5.17,"[{""label"": ""Uzun bekleme"", ""color"": ""#EE4444"", ""percent"": 45}, {""label"": ""Yanlış ürün"", ""color"": ""#A65EEA"", ""percent"": 25}, {""label"": ""Lezzet"", ""color"": ""#22CCEE"", ""percent"": 15}, {""label"": ""Ürün stokta yok"", ""color"": ""#66DD22"", ""percent"": 10}, {""label"": ""Diğer"", ""color"": ""#F99F1B"", ""percent"": 5}]","[{""label"": ""Eksik Malzeme"", ""color"": ""#EE4444"", ""percent"": 48}, {""label"": ""Soğuk Geldi"", ""color"": ""#A65EEA"", ""percent"": 34}, {""label"": ""Yanlış Sipariş"", ""color"": ""#22CCEE"", ""percent"": 18}, {""label"": ""Ambalaj"", ""color"": ""#F99F1B"", ""percent"": 12}]",77.0,4.13,4.34,3.34,74,131,1041290,25,"[[10, 2, 4, 6, 3, 4, 3, 7, 20, 22, 28, 65, 60, 61, 64, 17, 28, 30, 80, 72, 70, 74, 77, 33], [9, 7, 3, 6, 4, 10, 10, 2, 24, 18, 19, 77, 67, 62, 77, 26, 33, 19, 93, 82, 70, 83, 87, 18], [6, 9, 6, 7, 6, 5, 6, 10, 33, 19, 22, 80, 56, 73, 69, 25, 27, 23, 93, 87, 70, 76, 95, 28], [8, 3, 7, 2, 9, 9, 5, 2, 23, 33, 23, 75, 60, 74, 64, 17, 24, 23, 84, 71, 93, 88, 76, 28], [4, 3, 10, 5, 6, 4, 7, 9, 31, 22, 22, 56, 71, 78, 62, 34, 32, 31, 80, 79, 86, 94, 82, 17], [8, 5, 3, 6, 6, 5, 6, 10, 19, 18, 19, 63, 74, 82, 85, 32, 37, 20, 88, 82, 82, 94, 100, 21], [11, 11, 3, 2, 5, 3, 5, 2, 33, 40, 21, 82, 66, 66, 79, 21, 37, 37, 85, 100, 100, 100, 87, 18]]",560,31.78,2.24,"[{""platform_id"": 1, ""percent"": 38.3}, {""platform_id"": 2, ""percent"": 41.1}, {""platform_id"": 3, ""percent"": 20.5}]","[{""stars"": 5, ""percent"": 25, ""count"": 500}, {""stars"": 4, ""percent"": 30, ""count"": 600}, {""stars"": 3, ""percent"": 20, ""count"": 400}, {""stars"": 2, ""percent"": 15, ""count"": 300}, {""stars"": 1, ""percent"": 10, ""count"": 200}]","[{""text"": ""Soğuk"", ""weight"": 5}, {""text"": ""Geç"", ""weight"": 4}, {""text"": ""Bayat"", ""weight"": 3}, {""text"": ""Kötü"", ""weight"": 3}, {""text"": ""Eksik"", ""weight"": 2}, {""text"": ""Pahalı"", ""weight"": 2}, {""text"": ""İade"", ""weight"": 1}]","{""restaurant_courier"": {""fee"": 27, ""avg_cost"": 29.11, ""monthly_revenue"": 5641, ""churn_label"": ""YÜKSEK""}, ""own_courier"": {""fee"": 0, ""avg_cost"": 30.35, ""monthly_revenue"": 853703, ""churn_label"": ""DÜŞÜK""}}"
486,,2026-05-01,13.46,10.24,"[{""label"": ""Uzun bekleme"", ""color"": ""#EE4444"", ""percent"": 45}, {""label"": ""Yanlış ürün"", ""color"": ""#A65EEA"", ""percent"": 25}, {""label"": ""Lezzet"", ""color"": ""#22CCEE"", ""percent"": 15}, {""label"": ""Ürün stokta yok"", ""color"": ""#66DD22"", ""percent"": 10}, {""label"": ""Diğer"", ""color"": ""#F99F1B"", ""percent"": 5}]","[{""label"": ""Eksik Malzeme"", ""color"": ""#EE4444"", ""percent"": 48}, {""label"": ""Soğuk Geldi"", ""color"": ""#A65EEA"", ""percent"": 34}, {""label"": ""Yanlış Sipariş"", ""color"": ""#22CCEE"", ""percent"": 18}, {""label"": ""Ambalaj"", ""color"": ""#F99F1B"", ""percent"": 12}]",74.0,3.96,4.37,3.26,65,115,641472,15,"[[8, 2, 8, 4, 2, 6, 5, 2, 35, 19, 18, 72, 76, 70, 78, 18, 32, 17, 84, 74, 90, 83, 74, 25], [3, 3, 6, 6, 7, 3, 6, 2, 25, 31, 15, 75, 75, 71, 63, 35, 22, 15, 95, 70, 77, 93, 76, 24], [9, 10, 8, 4, 7, 10, 5, 3, 32, 19, 26, 68, 71, 59, 67, 19, 25, 32, 92, 90, 74, 85, 72, 16], [5, 3, 3, 2, 7, 4, 6, 6, 28, 32, 34, 68, 74, 77, 70, 35, 15, 28, 88, 90, 71, 71, 87, 28], [6, 10, 4, 3, 2, 4, 4, 5, 30, 35, 28, 58, 74, 72, 69, 15, 15, 31, 93, 95, 90, 70, 80, 34], [8, 2, 8, 11, 9, 4, 11, 11, 20, 35, 34, 79, 78, 66, 71, 27, 35, 39, 100, 95, 83, 93, 96, 28], [9, 8, 5, 2, 9, 10, 4, 9, 20, 19, 17, 63, 74, 70, 78, 39, 33, 39, 100, 80, 86, 100, 95, 25]]",219,23.44,2.75,"[{""platform_id"": 1, ""percent"": 33.1}, {""platform_id"": 2, ""percent"": 37.3}, {""platform_id"": 3, ""percent"": 29.5}]","[{""stars"": 5, ""percent"": 25, ""count"": 500}, {""stars"": 4, ""percent"": 30, ""count"": 600}, {""stars"": 3, ""percent"": 20, ""count"": 400}, {""stars"": 2, ""percent"": 15, ""count"": 300}, {""stars"": 1, ""percent"": 10, ""count"": 200}]","[{""text"": ""Soğuk"", ""weight"": 5}, {""text"": ""Geç"", ""weight"": 4}, {""text"": ""Bayat"", ""weight"": 3}, {""text"": ""Kötü"", ""weight"": 3}, {""text"": ""Eksik"", ""weight"": 2}, {""text"": ""Pahalı"", ""weight"": 2}, {""text"": ""İade"", ""weight"": 1}]","{""restaurant_courier"": {""fee"": 17, ""avg_cost"": 41.05, ""monthly_revenue"": 6412, ""churn_label"": ""YÜKSEK""}, ""own_courier"": {""fee"": 0, ""avg_cost"": 31.63, ""monthly_revenue"": 1009372, ""churn_label"": ""DÜŞÜK""}}"
129,,2026-05-01,12.84,10.17,"[{""label"": ""Uzun bekleme"", ""color"": ""#EE4444"", ""percent"": 45}, {""label"": ""Yanlış ürün"", ""color"": ""#A65EEA"", ""percent"": 25}, {""label"": ""Lezzet"", ""color"": ""#22CCEE"", ""percent"": 15}, {""label"": ""Ürün stokta yok"", ""color"": ""#66DD22"", ""percent"": 10}, {""label"": ""Diğer"", ""color"": ""#F99F1B"", ""percent"": 5}]","[{""label"": ""Eksik Malzeme"", ""color"": ""#EE4444"", ""percent"": 48}, {""label"": ""Soğuk Geldi"", ""color"": ""#A65EEA"", ""percent"": 34}, {""label"": ""Yanlış Sipariş"", ""color"": ""#22CCEE"", ""percent"": 18}, {""label"": ""Ambalaj"", ""color"": ""#F99F1B"", ""percent"": 12}]",77.0,4.54,5.0,4.04,114,140,1099739,18,"[[7, 5, 2, 7, 10, 7, 4, 8, 28, 34, 34, 75, 60, 66, 60, 35, 31, 21, 94, 92, 81, 87, 77, 29], [4, 5, 4, 9, 10, 3, 8, 7, 21, 17, 22, 67, 70, 68, 58, 24, 19, 15, 79, 86, 76, 78, 77, 33], [8, 6, 10, 2, 6, 10, 8, 7, 30, 22, 24, 63, 60, 66, 78, 30, 28, 35, 90, 88, 72, 85, 77, 34], [10, 5, 7, 3, 9, 2, 7, 8, 33, 35, 26, 78, 71, 63, 61, 33, 34, 25, 88, 78, 73, 83, 71, 15], [10, 5, 8, 9, 6, 5, 6, 6, 15, 18, 19, 61, 61, 61, 75, 32, 29, 20, 84, 87, 78, 86, 82, 25], [8, 6, 11, 8, 2, 11, 3, 4, 29, 31, 28, 73, 90, 66, 72, 33, 37, 21, 100, 96, 100, 96, 87, 21], [10, 9, 8, 4, 5, 2, 8, 6, 31, 21, 20, 69, 65, 72, 72, 36, 19, 21, 81, 100, 85, 96, 88, 33]]",626,23.01,2.73,"[{""platform_id"": 1, ""percent"": 46.3}, {""platform_id"": 2, ""percent"": 27.5}, {""platform_id"": 3, ""percent"": 26.2}]","[{""stars"": 5, ""percent"": 25, ""count"": 500}, {""stars"": 4, ""percent"": 30, ""count"": 600}, {""stars"": 3, ""percent"": 20, ""count"": 400}, {""stars"": 2, ""percent"": 15, ""count"": 300}, {""stars"": 1, ""percent"": 10, ""count"": 200}]","[{""text"": ""Soğuk"", ""weight"": 5}, {""text"": ""Geç"", ""weight"": 4}, {""text"": ""Bayat"", ""weight"": 3}, {""text"": ""Kötü"", ""weight"": 3}, {""text"": ""Eksik"", ""weight"": 2}, {""text"": ""Pahalı"", ""weight"": 2}, {""text"": ""İade"", ""weight"": 1}]","{""restaurant_courier"": {""fee"": 21, ""avg_cost"": 37.29, ""monthly_revenue"": 8355, ""churn_label"": ""YÜKSEK""}, ""own_courier"": {""fee"": 0, ""avg_cost"": 33.81, ""monthly_revenue"": 1288154, ""churn_label"": ""DÜŞÜK""}}"
347,,2026-05-01,17.11,6.49,"[{""label"": ""Uzun bekleme"", ""color"": ""#EE4444"", ""percent"": 45}, {""label"": ""Yanlış ürün"", ""color"": ""#A65EEA"", ""percent"": 25}, {""label"": ""Lezzet"", ""color"": ""#22CCEE"", ""percent"": 15}, {""label"": ""Ürün stokta yok"", ""color"": ""#66DD22"", ""percent"": 10}, {""label"": ""Diğer"", ""color"": ""#F99F1B"", ""percent"": 5}]","[{""label"": ""Eksik Malzeme"", ""color"": ""#EE4444"", ""percent"": 48}, {""label"": ""Soğuk Geldi"", ""color"": ""#A65EEA"", ""percent"": 34}, {""label"": ""Yanlış Sipariş"", ""color"": ""#22CCEE"", ""percent"": 18}, {""label"": ""Ambalaj"", ""color"": ""#F99F1B"", ""percent"": 12}]",87.0,4.6,5.05,4.18,110,144,670570,27,"[[8, 2, 2, 6, 10, 4, 4, 2, 24, 20, 31, 65, 75, 59, 79, 17, 28, 24, 82, 72, 79, 94, 71, 20], [2, 9, 6, 2, 6, 5, 7, 7, 33, 31, 29, 64, 55, 72, 71, 34, 33, 20, 78, 87, 71, 73, 91, 35], [5, 10, 2, 2, 3, 6, 5, 9, 21, 33, 26, 61, 64, 62, 63, 22, 34, 18, 87, 78, 89, 78, 74, 22], [2, 2, 5, 7, 6, 4, 2, 4, 24, 34, 30, 73, 69, 77, 67, 17, 32, 28, 92, 71, 73, 75, 82, 22], [7, 3, 10, 3, 6, 7, 8, 5, 23, 17, 26, 70, 70, 71, 79, 15, 16, 15, 88, 95, 91, 70, 70, 27], [8, 3, 8, 6, 4, 5, 11, 5, 24, 23, 39, 67, 65, 77, 70, 18, 25, 34, 100, 100, 97, 100, 81, 40], [8, 5, 11, 11, 6, 9, 11, 10, 34, 26, 18, 81, 77, 83, 74, 33, 34, 27, 100, 92, 82, 98, 100, 18]]",746,31.61,2.68,"[{""platform_id"": 1, ""percent"": 31.0}, {""platform_id"": 2, ""percent"": 29.4}, {""platform_id"": 3, ""percent"": 39.6}]","[{""stars"": 5, ""percent"": 25, ""count"": 500}, {""stars"": 4, ""percent"": 30, ""count"": 600}, {""stars"": 3, ""percent"": 20, ""count"": 400}, {""stars"": 2, ""percent"": 15, ""count"": 300}, {""stars"": 1, ""percent"": 10, ""count"": 200}]","[{""text"": ""Soğuk"", ""weight"": 5}, {""text"": ""Geç"", ""weight"": 4}, {""text"": ""Bayat"", ""weight"": 3}, {""text"": ""Kötü"", ""weight"": 3}, {""text"": ""Eksik"", ""weight"": 2}, {""text"": ""Pahalı"", ""weight"": 2}, {""text"": ""İade"", ""weight"": 1}]","{""restaurant_courier"": {""fee"": 18, ""avg_cost"": 32.42, ""monthly_revenue"": 7462, ""churn_label"": ""YÜKSEK""}, ""own_courier"": {""fee"": 0, ""avg_cost"": 26.7, ""monthly_revenue"": 1031016, ""churn_label"": ""DÜŞÜK""}}"
503,,2026-05-01,14.83,7.78,"[{""label"": ""Uzun bekleme"", ""color"": ""#EE4444"", ""percent"": 45}, {""label"": ""Yanlış ürün"", ""color"": ""#A65EEA"", ""percent"": 25}, {""label"": ""Lezzet"", ""color"": ""#22CCEE"", ""percent"": 15}, {""label"": ""Ürün stokta yok"", ""color"": ""#66DD22"", ""percent"": 10}, {""label"": ""Diğer"", ""color"": ""#F99F1B"", ""percent"": 5}]","[{""label"": ""Eksik Malzeme"", ""color"": ""#EE4444"", ""percent"": 48}, {""label"": ""Soğuk Geldi"", ""color"": ""#A65EEA"", ""percent"": 34}, {""label"": ""Yanlış Sipariş"", ""color"": ""#22CCEE"", ""percent"": 18}, {""label"": ""Ambalaj"", ""color"": ""#F99F1B"", ""percent"": 12}]",86.0,3.94,4.39,3.34,107,173,972442,15,"[[4, 8, 5, 6, 2, 5, 8, 10, 31, 24, 20, 66, 68, 71, 61, 34, 25, 32, 84, 84, 92, 95, 76, 33], [6, 3, 6, 7, 5, 9, 10, 7, 18, 26, 23, 66, 67, 55, 75, 31, 27, 23, 73, 95, 92, 74, 91, 35], [6, 6, 3, 4, 3, 4, 6, 3, 21, 34, 15, 76, 62, 71, 74, 20, 28, 24, 87, 70, 77, 95, 79, 30], [2, 3, 7, 5, 2, 3, 9, 7, 35, 24, 28, 72, 77, 55, 64, 20, 28, 18, 93, 75, 87, 85, 71, 18], [6, 2, 2, 7, 5, 8, 3, 4, 16, 25, 15, 58, 73, 63, 75, 22, 27, 33, 86, 94, 70, 80, 81, 23], [9, 6, 8, 11, 4, 2, 5, 3, 27, 26, 19, 74, 89, 63, 81, 20, 39, 28, 86, 100, 87, 89, 97, 37], [5, 3, 4, 2, 10, 3, 8, 3, 40, 24, 40, 85, 88, 67, 92, 19, 20, 28, 88, 100, 90, 100, 85, 37]]",629,18.06,3.01,"[{""platform_id"": 1, ""percent"": 57.1}, {""platform_id"": 2, ""percent"": 18.4}, {""platform_id"": 3, ""percent"": 24.5}]","[{""stars"": 5, ""percent"": 25, ""count"": 500}, {""stars"": 4, ""percent"": 30, ""count"": 600}, {""stars"": 3, ""percent"": 20, ""count"": 400}, {""stars"": 2, ""percent"": 15, ""count"": 300}, {""stars"": 1, ""percent"": 10, ""count"": 200}]","[{""text"": ""Soğuk"", ""weight"": 5}, {""text"": ""Geç"", ""weight"": 4}, {""text"": ""Bayat"", ""weight"": 3}, {""text"": ""Kötü"", ""weight"": 3}, {""text"": ""Eksik"", ""weight"": 2}, {""text"": ""Pahalı"", ""weight"": 2}, {""text"": ""İade"", ""weight"": 1}]","{""restaurant_courier"": {""fee"": 25, ""avg_cost"": 33.99, ""monthly_revenue"": 8983, ""churn_label"": ""YÜKSEK""}, ""own_courier"": {""fee"": 0, ""avg_cost"": 28.18, ""monthly_revenue"": 1161543, ""churn_label"": ""DÜŞÜK""}}"
93,,2026-05-01,17.78,9.29,"[{""label"": ""Uzun bekleme"", ""color"": ""#EE4444"", ""percent"": 45}, {""label"": ""Yanlış ürün"", ""color"": ""#A65EEA"", ""percent"": 25}, {""label"": ""Lezzet"", ""color"": ""#22CCEE"", ""percent"": 15}, {""label"": ""Ürün stokta yok"", ""color"": ""#66DD22"", ""percent"": 10}, {""label"": ""Diğer"", ""color"": ""#F99F1B"", ""percent"": 5}]","[{""label"": ""Eksik Malzeme"", ""color"": ""#EE4444"", ""percent"": 48}, {""label"": ""Soğuk Geldi"", ""color"": ""#A65EEA"", ""percent"": 34}, {""label"": ""Yanlış Sipariş"", ""color"": ""#22CCEE"", ""percent"": 18}, {""label"": ""Ambalaj"", ""color"": ""#F99F1B"", ""percent"": 12}]",62.0,4.19,4.4,3.59,94,121,600570,24,"[[10, 7, 8, 6, 10, 9, 5, 8, 16, 23, 21, 79, 62, 57, 76, 20, 23, 35, 87, 88, 95, 91, 95, 16], [5, 2, 4, 7, 7, 5, 2, 8, 30, 29, 15, 75, 57, 79, 71, 21, 28, 35, 84, 70, 70, 73, 88, 35], [8, 7, 5, 6, 2, 4, 8, 9, 33, 16, 29, 76, 61, 73, 56, 19, 35, 26, 94, 86, 87, 89, 88, 26], [2, 5, 4, 3, 9, 7, 7, 7, 29, 20, 16, 80, 68, 61, 67, 27, 24, 26, 78, 89, 89, 81, 92, 16], [4, 4, 5, 3, 5, 2, 8, 3, 19, 33, 27, 74, 71, 64, 56, 35, 29, 25, 82, 83, 86, 84, 93, 31], [2, 10, 3, 8, 5, 2, 6, 5, 36, 34, 20, 92, 69, 81, 77, 29, 33, 36, 97, 95, 87, 98, 97, 39], [6, 4, 5, 6, 9, 6, 8, 8, 36, 19, 20, 89, 74, 88, 90, 39, 36, 21, 95, 92, 100, 100, 80, 33]]",145,28.48,2.88,"[{""platform_id"": 1, ""percent"": 45.0}, {""platform_id"": 2, ""percent"": 32.1}, {""platform_id"": 3, ""percent"": 22.9}]","[{""stars"": 5, ""percent"": 25, ""count"": 500}, {""stars"": 4, ""percent"": 30, ""count"": 600}, {""stars"": 3, ""percent"": 20, ""count"": 400}, {""stars"": 2, ""percent"": 15, ""count"": 300}, {""stars"": 1, ""percent"": 10, ""count"": 200}]","[{""text"": ""Soğuk"", ""weight"": 5}, {""text"": ""Geç"", ""weight"": 4}, {""text"": ""Bayat"", ""weight"": 3}, {""text"": ""Kötü"", ""weight"": 3}, {""text"": ""Eksik"", ""weight"": 2}, {""text"": ""Pahalı"", ""weight"": 2}, {""text"": ""İade"", ""weight"": 1}]","{""restaurant_courier"": {""fee"": 27, ""avg_cost"": 35.2, ""monthly_revenue"": 8444, ""churn_label"": ""YÜKSEK""}, ""own_courier"": {""fee"": 0, ""avg_cost"": 35.01, ""monthly_revenue"": 770883, ""churn_label"": ""DÜŞÜK""}}"
573,,2026-05-01,11.08,9.49,"[{""label"": ""Uzun bekleme"", ""color"": ""#EE4444"", ""percent"": 45}, {""label"": ""Yanlış ürün"", ""color"": ""#A65EEA"", ""percent"": 25}, {""label"": ""Lezzet"", ""color"": ""#22CCEE"", ""percent"": 15}, {""label"": ""Ürün stokta yok"", ""color"": ""#66DD22"", ""percent"": 10}, {""label"": ""Diğer"", ""color"": ""#F99F1B"", ""percent"": 5}]","[{""label"": ""Eksik Malzeme"", ""color"": ""#EE4444"", ""percent"": 48}, {""label"": ""Soğuk Geldi"", ""color"": ""#A65EEA"", ""percent"": 34}, {""label"": ""Yanlış Sipariş"", ""color"": ""#22CCEE"", ""percent"": 18}, {""label"": ""Ambalaj"", ""color"": ""#F99F1B"", ""percent"": 12}]",82.0,4.68,5.07,3.85,99,134,748139,21,"[[2, 7, 3, 6, 5, 3, 2, 10, 27, 24, 15, 80, 58, 74, 78, 20, 23, 35, 73, 86, 95, 84, 83, 31], [4, 9, 8, 5, 8, 4, 6, 9, 25, 22, 16, 71, 73, 61, 59, 22, 25, 16, 71, 77, 83, 94, 77, 23], [2, 8, 4, 7, 2, 5, 7, 10, 35, 31, 26, 71, 59, 72, 79, 34, 15, 22, 94, 85, 85, 86, 81, 25], [4, 7, 4, 6, 3, 6, 7, 10, 25, 16, 35, 80, 75, 65, 56, 34, 31, 17, 77, 72, 79, 87, 86, 16], [8, 4, 10, 3, 8, 7, 2, 5, 19, 20, 21, 58, 60, 78, 61, 30, 29, 20, 76, 91, 86, 84, 78, 31], [5, 6, 2, 4, 8, 3, 9, 5, 24, 40, 17, 83, 73, 90, 78, 19, 29, 29, 93, 86, 100, 90, 100, 18], [11, 4, 10, 5, 2, 9, 8, 4, 37, 26, 23, 86, 69, 85, 90, 40, 33, 21, 83, 96, 89, 100, 80, 31]]",585,12.58,3.02,"[{""platform_id"": 1, ""percent"": 31.5}, {""platform_id"": 2, ""percent"": 39.0}, {""platform_id"": 3, ""percent"": 29.4}]","[{""stars"": 5, ""percent"": 25, ""count"": 500}, {""stars"": 4, ""percent"": 30, ""count"": 600}, {""stars"": 3, ""percent"": 20, ""count"": 400}, {""stars"": 2, ""percent"": 15, ""count"": 300}, {""stars"": 1, ""percent"": 10, ""count"": 200}]","[{""text"": ""Soğuk"", ""weight"": 5}, {""text"": ""Geç"", ""weight"": 4}, {""text"": ""Bayat"", ""weight"": 3}, {""text"": ""Kötü"", ""weight"": 3}, {""text"": ""Eksik"", ""weight"": 2}, {""text"": ""Pahalı"", ""weight"": 2}, {""text"": ""İade"", ""weight"": 1}]","{""restaurant_courier"": {""fee"": 27, ""avg_cost"": 35.59, ""monthly_revenue"": 6770, ""churn_label"": ""YÜKSEK""}, ""own_courier"": {""fee"": 0, ""avg_cost"": 37.55, ""monthly_revenue"": 723306, ""churn_label"": ""DÜŞÜK""}}"
61,,2026-05-01,8.64,9.35,"[{""label"": ""Uzun bekleme"", ""color"": ""#EE4444"", ""percent"": 45}, {""label"": ""Yanlış ürün"", ""color"": ""#A65EEA"", ""percent"": 25}, {""label"": ""Lezzet"", ""color"": ""#22CCEE"", ""percent"": 15}, {""label"": ""Ürün stokta yok"", ""color"": ""#66DD22"", ""percent"": 10}, {""label"": ""Diğer"", ""color"": ""#F99F1B"", ""percent"": 5}]","[{""label"": ""Eksik Malzeme"", ""color"": ""#EE4444"", ""percent"": 48}, {""label"": ""Soğuk Geldi"", ""color"": ""#A65EEA"", ""percent"": 34}, {""label"": ""Yanlış Sipariş"", ""color"": ""#22CCEE"", ""percent"": 18}, {""label"": ""Ambalaj"", ""color"": ""#F99F1B"", ""percent"": 12}]",76.0,4.51,4.92,3.95,92,114,1060793,16,"[[5, 4, 9, 9, 2, 8, 3, 2, 23, 26, 32, 70, 59, 69, 68, 23, 29, 19, 71, 73, 92, 85, 71, 34], [2, 2, 8, 10, 6, 10, 6, 8, 30, 18, 25, 64, 61, 60, 64, 24, 35, 28, 78, 90, 78, 90, 76, 33], [9, 7, 10, 8, 6, 2, 4, 8, 32, 26, 17, 57, 71, 61, 63, 23, 32, 15, 87, 74, 84, 78, 85, 21], [2, 6, 3, 6, 8, 5, 7, 9, 33, 18, 24, 70, 64, 77, 70, 30, 33, 29, 82, 89, 92, 80, 90, 30], [9, 4, 7, 8, 4, 9, 10, 4, 30, 23, 21, 62, 71, 64, 55, 33, 34, 22, 82, 78, 84, 78, 95, 29], [9, 3, 5, 5, 5, 2, 8, 10, 20, 23, 21, 67, 81, 82, 86, 20, 36, 35, 100, 97, 98, 88, 100, 32], [5, 11, 8, 10, 3, 8, 5, 10, 21, 20, 19, 67, 83, 81, 87, 28, 36, 27, 100, 100, 92, 95, 88, 28]]",163,11.39,3.07,"[{""platform_id"": 1, ""percent"": 45.8}, {""platform_id"": 2, ""percent"": 18.8}, {""platform_id"": 3, ""percent"": 35.4}]","[{""stars"": 5, ""percent"": 25, ""count"": 500}, {""stars"": 4, ""percent"": 30, ""count"": 600}, {""stars"": 3, ""percent"": 20, ""count"": 400}, {""stars"": 2, ""percent"": 15, ""count"": 300}, {""stars"": 1, ""percent"": 10, ""count"": 200}]","[{""text"": ""Soğuk"", ""weight"": 5}, {""text"": ""Geç"", ""weight"": 4}, {""text"": ""Bayat"", ""weight"": 3}, {""text"": ""Kötü"", ""weight"": 3}, {""text"": ""Eksik"", ""weight"": 2}, {""text"": ""Pahalı"", ""weight"": 2}, {""text"": ""İade"", ""weight"": 1}]","{""restaurant_courier"": {""fee"": 15, ""avg_cost"": 38.08, ""monthly_revenue"": 4289, ""churn_label"": ""YÜKSEK""}, ""own_courier"": {""fee"": 0, ""avg_cost"": 32.14, ""monthly_revenue"": 985284, ""churn_label"": ""DÜŞÜK""}}"
208,,2026-05-01,12.54,7.37,"[{""label"": ""Uzun bekleme"", ""color"": ""#EE4444"", ""percent"": 45}, {""label"": ""Yanlış ürün"", ""color"": ""#A65EEA"", ""percent"": 25}, {""label"": ""Lezzet"", ""color"": ""#22CCEE"", ""percent"": 15}, {""label"": ""Ürün stokta yok"", ""color"": ""#66DD22"", ""percent"": 10}, {""label"": ""Diğer"", ""color"": ""#F99F1B"", ""percent"": 5}]","[{""label"": ""Eksik Malzeme"", ""color"": ""#EE4444"", ""percent"": 48}, {""label"": ""Soğuk Geldi"", ""color"": ""#A65EEA"", ""percent"": 34}, {""label"": ""Yanlış Sipariş"", ""color"": ""#22CCEE"", ""percent"": 18}, {""label"": ""Ambalaj"", ""color"": ""#F99F1B"", ""percent"": 12}]",60.0,4.37,4.77,3.9,87,162,514185,26,"[[6, 5, 4, 6, 5, 3, 7, 4, 23, 25, 28, 72, 73, 77, 72, 21, 17, 17, 95, 79, 72, 71, 87, 26], [3, 6, 7, 6, 8, 4, 7, 9, 32, 27, 20, 74, 64, 76, 64, 27, 33, 16, 91, 83, 95, 91, 70, 25], [9, 4, 2, 7, 8, 9, 7, 9, 27, 34, 35, 79, 77, 75, 64, 16, 21, 24, 89, 80, 90, 74, 73, 23], [8, 9, 9, 10, 5, 9, 5, 7, 27, 21, 19, 76, 61, 57, 65, 35, 19, 30, 71, 88, 70, 94, 94, 31], [8, 5, 9, 4, 9, 2, 9, 6, 35, 26, 33, 70, 67, 68, 70, 32, 28, 27, 94, 76, 93, 81, 88, 24], [2, 6, 11, 11, 10, 9, 5, 11, 33, 25, 24, 75, 70, 77, 85, 25, 29, 27, 98, 96, 100, 83, 89, 27], [8, 11, 6, 10, 4, 2, 3, 11, 34, 17, 40, 78, 64, 67, 65, 39, 26, 29, 86, 94, 96, 87, 100, 26]]",758,30.24,3.01,"[{""platform_id"": 1, ""percent"": 45.6}, {""platform_id"": 2, ""percent"": 27.0}, {""platform_id"": 3, ""percent"": 27.4}]","[{""stars"": 5, ""percent"": 25, ""count"": 500}, {""stars"": 4, ""percent"": 30, ""count"": 600}, {""stars"": 3, ""percent"": 20, ""count"": 400}, {""stars"": 2, ""percent"": 15, ""count"": 300}, {""stars"": 1, ""percent"": 10, ""count"": 200}]","[{""text"": ""Soğuk"", ""weight"": 5}, {""text"": ""Geç"", ""weight"": 4}, {""text"": ""Bayat"", ""weight"": 3}, {""text"": ""Kötü"", ""weight"": 3}, {""text"": ""Eksik"", ""weight"": 2}, {""text"": ""Pahalı"", ""weight"": 2}, {""text"": ""İade"", ""weight"": 1}]","{""restaurant_courier"": {""fee"": 19, ""avg_cost"": 41.66, ""monthly_revenue"": 4000, ""churn_label"": ""YÜKSEK""}, ""own_courier"": {""fee"": 0, ""avg_cost"": 33.2, ""monthly_revenue"": 1104920, ""churn_label"": ""DÜŞÜK""}}"
263,,2026-05-01,15.11,8.55,"[{""label"": ""Uzun bekleme"", ""color"": ""#EE4444"", ""percent"": 45}, {""label"": ""Yanlış ürün"", ""color"": ""#A65EEA"", ""percent"": 25}, {""label"": ""Lezzet"", ""color"": ""#22CCEE"", ""percent"": 15}, {""label"": ""Ürün stokta yok"", ""color"": ""#66DD22"", ""percent"": 10}, {""label"": ""Diğer"", ""color"": ""#F99F1B"", ""percent"": 5}]","[{""label"": ""Eksik Malzeme"", ""color"": ""#EE4444"", ""percent"": 48}, {""label"": ""Soğuk Geldi"", ""color"": ""#A65EEA"", ""percent"": 34}, {""label"": ""Yanlış Sipariş"", ""color"": ""#22CCEE"", ""percent"": 18}, {""label"": ""Ambalaj"", ""color"": ""#F99F1B"", ""percent"": 12}]",82.0,4.31,4.69,3.65,113,101,970750,16,"[[6, 4, 3, 7, 7, 5, 2, 10, 26, 30, 21, 66, 65, 73, 62, 22, 35, 33, 91, 84, 84, 76, 90, 22], [9, 9, 4, 4, 4, 4, 9, 3, 33, 29, 23, 63, 58, 71, 69, 20, 24, 16, 74, 78, 71, 92, 74, 21], [5, 10, 8, 9, 2, 8, 4, 2, 18, 19, 35, 58, 66, 61, 56, 27, 20, 33, 75, 71, 94, 85, 72, 29], [7, 6, 7, 6, 9, 2, 3, 6, 20, 24, 30, 67, 70, 60, 77, 24, 19, 31, 87, 70, 79, 83, 72, 23], [5, 5, 7, 8, 4, 6, 5, 3, 34, 16, 30, 55, 56, 58, 78, 16, 27, 18, 87, 75, 86, 80, 70, 31], [10, 3, 11, 10, 6, 10, 6, 5, 24, 23, 33, 81, 85, 70, 70, 17, 28, 36, 80, 90, 100, 100, 87, 39], [10, 5, 11, 10, 10, 11, 9, 3, 26, 31, 23, 72, 75, 82, 87, 27, 34, 40, 88, 88, 95, 100, 95, 23]]",547,24.0,2.49,"[{""platform_id"": 1, ""percent"": 31.3}, {""platform_id"": 2, ""percent"": 40.1}, {""platform_id"": 3, ""percent"": 28.6}]","[{""stars"": 5, ""percent"": 25, ""count"": 500}, {""stars"": 4, ""percent"": 30, ""count"": 600}, {""stars"": 3, ""percent"": 20, ""count"": 400}, {""stars"": 2, ""percent"": 15, ""count"": 300}, {""stars"": 1, ""percent"": 10, ""count"": 200}]","[{""text"": ""Soğuk"", ""weight"": 5}, {""text"": ""Geç"", ""weight"": 4}, {""text"": ""Bayat"", ""weight"": 3}, {""text"": ""Kötü"", ""weight"": 3}, {""text"": ""Eksik"", ""weight"": 2}, {""text"": ""Pahalı"", ""weight"": 2}, {""text"": ""İade"", ""weight"": 1}]","{""restaurant_courier"": {""fee"": 25, ""avg_cost"": 38.05, ""monthly_revenue"": 4282, ""churn_label"": ""YÜKSEK""}, ""own_courier"": {""fee"": 0, ""avg_cost"": 35.99, ""monthly_revenue"": 918009, ""churn_label"": ""DÜŞÜK""}}"
696,,2026-05-01,9.69,10.73,"[{""label"": ""Uzun bekleme"", ""color"": ""#EE4444"", ""percent"": 45}, {""label"": ""Yanlış ürün"", ""color"": ""#A65EEA"", ""percent"": 25}, {""label"": ""Lezzet"", ""color"": ""#22CCEE"", ""percent"": 15}, {""label"": ""Ürün stokta yok"", ""color"": ""#66DD22"", ""percent"": 10}, {""label"": ""Diğer"", ""color"": ""#F99F1B"", ""percent"": 5}]","[{""label"": ""Eksik Malzeme"", ""color"": ""#EE4444"", ""percent"": 48}, {""label"": ""Soğuk Geldi"", ""color"": ""#A65EEA"", ""percent"": 34}, {""label"": ""Yanlış Sipariş"", ""color"": ""#22CCEE"", ""percent"": 18}, {""label"": ""Ambalaj"", ""color"": ""#F99F1B"", ""percent"": 12}]",64.0,3.9,4.33,3.4,81,166,1012832,25,"[[7, 10, 2, 7, 3, 6, 8, 7, 24, 30, 16, 59, 56, 75, 80, 29, 26, 34, 74, 74, 74, 71, 78, 25], [8, 7, 10, 3, 10, 3, 9, 7, 26, 26, 25, 55, 80, 56, 55, 18, 24, 32, 83, 90, 70, 87, 73, 16], [7, 7, 8, 3, 2, 3, 9, 7, 34, 35, 35, 66, 60, 65, 58, 27, 27, 29, 94, 70, 70, 77, 90, 35], [10, 3, 6, 2, 10, 9, 4, 4, 20, 17, 23, 75, 77, 74, 73, 35, 28, 27, 89, 80, 87, 77, 83, 22], [5, 8, 10, 4, 5, 4, 2, 7, 19, 17, 22, 56, 70, 58, 79, 28, 35, 34, 87, 71, 72, 72, 83, 34], [11, 9, 8, 5, 10, 6, 6, 3, 39, 37, 29, 92, 89, 65, 87, 18, 18, 25, 94, 100, 100, 100, 87, 28], [11, 4, 9, 10, 6, 8, 5, 5, 27, 24, 26, 82, 92, 71, 74, 27, 24, 25, 85, 81, 98, 100, 100, 17]]",687,28.04,2.74,"[{""platform_id"": 1, ""percent"": 45.0}, {""platform_id"": 2, ""percent"": 19.3}, {""platform_id"": 3, ""percent"": 35.7}]","[{""stars"": 5, ""percent"": 25, ""count"": 500}, {""stars"": 4, ""percent"": 30, ""count"": 600}, {""stars"": 3, ""percent"": 20, ""count"": 400}, {""stars"": 2, ""percent"": 15, ""count"": 300}, {""stars"": 1, ""percent"": 10, ""count"": 200}]","[{""text"": ""Soğuk"", ""weight"": 5}, {""text"": ""Geç"", ""weight"": 4}, {""text"": ""Bayat"", ""weight"": 3}, {""text"": ""Kötü"", ""weight"": 3}, {""text"": ""Eksik"", ""weight"": 2}, {""text"": ""Pahalı"", ""weight"": 2}, {""text"": ""İade"", ""weight"": 1}]","{""restaurant_courier"": {""fee"": 27, ""avg_cost"": 30.89, ""monthly_revenue"": 4525, ""churn_label"": ""YÜKSEK""}, ""own_courier"": {""fee"": 0, ""avg_cost"": 29.19, ""monthly_revenue"": 1329301, ""churn_label"": ""DÜŞÜK""}}"
287,,2026-05-01,7.19,8.67,"[{""label"": ""Uzun bekleme"", ""color"": ""#EE4444"", ""percent"": 45}, {""label"": ""Yanlış ürün"", ""color"": ""#A65EEA"", ""percent"": 25}, {""label"": ""Lezzet"", ""color"": ""#22CCEE"", ""percent"": 15}, {""label"": ""Ürün stokta yok"", ""color"": ""#66DD22"", ""percent"": 10}, {""label"": ""Diğer"", ""color"": ""#F99F1B"", ""percent"": 5}]","[{""label"": ""Eksik Malzeme"", ""color"": ""#EE4444"", ""percent"": 48}, {""label"": ""Soğuk Geldi"", ""color"": ""#A65EEA"", ""percent"": 34}, {""label"": ""Yanlış Sipariş"", ""color"": ""#22CCEE"", ""percent"": 18}, {""label"": ""Ambalaj"", ""color"": ""#F99F1B"", ""percent"": 12}]",83.0,4.53,4.93,3.94,102,112,709763,17,"[[5, 5, 9, 6, 8, 8, 9, 5, 25, 22, 30, 60, 67, 66, 67, 33, 21, 15, 88, 91, 72, 76, 71, 31], [6, 6, 2, 7, 3, 3, 4, 2, 22, 25, 35, 78, 65, 57, 78, 33, 35, 31, 86, 75, 75, 70, 73, 15], [3, 8, 7, 9, 9, 6, 8, 4, 27, 35, 34, 57, 63, 69, 71, 34, 33, 31, 86, 95, 95, 90, 95, 27], [9, 3, 9, 6, 3, 2, 5, 6, 18, 24, 22, 78, 73, 74, 62, 22, 20, 27, 70, 74, 79, 74, 78, 26], [7, 6, 10, 6, 5, 5, 6, 8, 26, 29, 15, 61, 65, 78, 55, 19, 19, 30, 74, 78, 95, 71, 70, 35], [5, 3, 5, 4, 6, 3, 6, 2, 35, 34, 28, 90, 87, 87, 80, 27, 32, 20, 100, 82, 100, 100, 95, 21], [4, 10, 3, 6, 3, 8, 11, 2, 17, 33, 35, 71, 63, 77, 85, 17, 28, 28, 93, 100, 100, 98, 100, 24]]",458,26.56,2.77,"[{""platform_id"": 1, ""percent"": 37.0}, {""platform_id"": 2, ""percent"": 37.3}, {""platform_id"": 3, ""percent"": 25.7}]","[{""stars"": 5, ""percent"": 25, ""count"": 500}, {""stars"": 4, ""percent"": 30, ""count"": 600}, {""stars"": 3, ""percent"": 20, ""count"": 400}, {""stars"": 2, ""percent"": 15, ""count"": 300}, {""stars"": 1, ""percent"": 10, ""count"": 200}]","[{""text"": ""Soğuk"", ""weight"": 5}, {""text"": ""Geç"", ""weight"": 4}, {""text"": ""Bayat"", ""weight"": 3}, {""text"": ""Kötü"", ""weight"": 3}, {""text"": ""Eksik"", ""weight"": 2}, {""text"": ""Pahalı"", ""weight"": 2}, {""text"": ""İade"", ""weight"": 1}]","{""restaurant_courier"": {""fee"": 21, ""avg_cost"": 34.43, ""monthly_revenue"": 5306, ""churn_label"": ""YÜKSEK""}, ""own_courier"": {""fee"": 0, ""avg_cost"": 32.7, ""monthly_revenue"": 959235, ""churn_label"": ""DÜŞÜK""}}"
733,,2026-05-01,10.02,8.51,"[{""label"": ""Uzun bekleme"", ""color"": ""#EE4444"", ""percent"": 45}, {""label"": ""Yanlış ürün"", ""color"": ""#A65EEA"", ""percent"": 25}, {""label"": ""Lezzet"", ""color"": ""#22CCEE"", ""percent"": 15}, {""label"": ""Ürün stokta yok"", ""color"": ""#66DD22"", ""percent"": 10}, {""label"": ""Diğer"", ""color"": ""#F99F1B"", ""percent"": 5}]","[{""label"": ""Eksik Malzeme"", ""color"": ""#EE4444"", ""percent"": 48}, {""label"": ""Soğuk Geldi"", ""color"": ""#A65EEA"", ""percent"": 34}, {""label"": ""Yanlış Sipariş"", ""color"": ""#22CCEE"", ""percent"": 18}, {""label"": ""Ambalaj"", ""color"": ""#F99F1B"", ""percent"": 12}]",63.0,4.68,4.89,4.26,66,120,728437,20,"[[5, 8, 3, 9, 6, 10, 5, 7, 32, 29, 35, 77, 74, 57, 56, 23, 35, 17, 78, 90, 75, 83, 85, 22], [3, 7, 3, 6, 2, 4, 10, 8, 18, 28, 35, 63, 71, 67, 57, 24, 15, 23, 74, 76, 76, 71, 85, 34], [3, 8, 8, 4, 10, 3, 10, 2, 27, 16, 22, 60, 75, 75, 77, 26, 28, 17, 77, 90, 87, 94, 76, 20], [8, 9, 5, 2, 7, 4, 2, 6, 27, 15, 21, 55, 77, 73, 68, 21, 20, 26, 85, 84, 84, 77, 72, 22], [10, 5, 7, 9, 2, 8, 3, 8, 35, 26, 21, 56, 65, 66, 60, 16, 29, 30, 76, 88, 92, 71, 94, 26], [6, 8, 9, 10, 3, 4, 4, 10, 39, 18, 32, 83, 83, 67, 80, 24, 29, 40, 100, 90, 93, 87, 81, 37], [5, 5, 6, 6, 10, 6, 11, 3, 26, 31, 37, 72, 88, 77, 72, 40, 32, 35, 100, 90, 100, 93, 83, 19]]",836,12.87,2.39,"[{""platform_id"": 1, ""percent"": 54.2}, {""platform_id"": 2, ""percent"": 19.3}, {""platform_id"": 3, ""percent"": 26.5}]","[{""stars"": 5, ""percent"": 25, ""count"": 500}, {""stars"": 4, ""percent"": 30, ""count"": 600}, {""stars"": 3, ""percent"": 20, ""count"": 400}, {""stars"": 2, ""percent"": 15, ""count"": 300}, {""stars"": 1, ""percent"": 10, ""count"": 200}]","[{""text"": ""Soğuk"", ""weight"": 5}, {""text"": ""Geç"", ""weight"": 4}, {""text"": ""Bayat"", ""weight"": 3}, {""text"": ""Kötü"", ""weight"": 3}, {""text"": ""Eksik"", ""weight"": 2}, {""text"": ""Pahalı"", ""weight"": 2}, {""text"": ""İade"", ""weight"": 1}]","{""restaurant_courier"": {""fee"": 26, ""avg_cost"": 38.91, ""monthly_revenue"": 6766, ""churn_label"": ""YÜKSEK""}, ""own_courier"": {""fee"": 0, ""avg_cost"": 29.61, ""monthly_revenue"": 1148806, ""churn_label"": ""DÜŞÜK""}}"
364,,2026-05-01,16.93,10.32,"[{""label"": ""Uzun bekleme"", ""color"": ""#EE4444"", ""percent"": 45}, {""label"": ""Yanlış ürün"", ""color"": ""#A65EEA"", ""percent"": 25}, {""label"": ""Lezzet"", ""color"": ""#22CCEE"", ""percent"": 15}, {""label"": ""Ürün stokta yok"", ""color"": ""#66DD22"", ""percent"": 10}, {""label"": ""Diğer"", ""color"": ""#F99F1B"", ""percent"": 5}]","[{""label"": ""Eksik Malzeme"", ""color"": ""#EE4444"", ""percent"": 48}, {""label"": ""Soğuk Geldi"", ""color"": ""#A65EEA"", ""percent"": 34}, {""label"": ""Yanlış Sipariş"", ""color"": ""#22CCEE"", ""percent"": 18}, {""label"": ""Ambalaj"", ""color"": ""#F99F1B"", ""percent"": 12}]",75.0,3.89,4.28,3.46,64,142,603742,16,"[[3, 5, 6, 6, 2, 2, 9, 5, 29, 29, 29, 57, 79, 55, 58, 28, 17, 30, 91, 86, 76, 81, 92, 22], [10, 7, 9, 9, 5, 5, 3, 6, 27, 15, 21, 71, 67, 76, 78, 31, 17, 24, 80, 74, 75, 90, 93, 20], [10, 4, 7, 5, 4, 10, 5, 7, 35, 32, 35, 74, 72, 71, 57, 17, 21, 25, 81, 78, 70, 78, 70, 31], [4, 7, 8, 6, 9, 8, 9, 2, 24, 24, 24, 77, 67, 71, 60, 30, 28, 31, 92, 81, 80, 73, 74, 18], [10, 2, 9, 5, 5, 5, 5, 4, 27, 30, 22, 77, 77, 57, 58, 15, 18, 23, 72, 94, 75, 93, 70, 24], [10, 9, 8, 11, 4, 11, 4, 10, 24, 31, 20, 74, 88, 77, 80, 28, 36, 33, 92, 100, 81, 100, 98, 31], [10, 2, 11, 5, 11, 11, 11, 2, 37, 19, 33, 83, 85, 64, 88, 23, 18, 35, 88, 100, 80, 98, 100, 26]]",830,18.31,2.8,"[{""platform_id"": 1, ""percent"": 48.5}, {""platform_id"": 2, ""percent"": 19.0}, {""platform_id"": 3, ""percent"": 32.5}]","[{""stars"": 5, ""percent"": 25, ""count"": 500}, {""stars"": 4, ""percent"": 30, ""count"": 600}, {""stars"": 3, ""percent"": 20, ""count"": 400}, {""stars"": 2, ""percent"": 15, ""count"": 300}, {""stars"": 1, ""percent"": 10, ""count"": 200}]","[{""text"": ""Soğuk"", ""weight"": 5}, {""text"": ""Geç"", ""weight"": 4}, {""text"": ""Bayat"", ""weight"": 3}, {""text"": ""Kötü"", ""weight"": 3}, {""text"": ""Eksik"", ""weight"": 2}, {""text"": ""Pahalı"", ""weight"": 2}, {""text"": ""İade"", ""weight"": 1}]","{""restaurant_courier"": {""fee"": 25, ""avg_cost"": 36.77, ""monthly_revenue"": 6748, ""churn_label"": ""YÜKSEK""}, ""own_courier"": {""fee"": 0, ""avg_cost"": 37.36, ""monthly_revenue"": 1364381, ""churn_label"": ""DÜŞÜK""}}"
119,,2026-05-01,17.38,9.6,"[{""label"": ""Uzun bekleme"", ""color"": ""#EE4444"", ""percent"": 45}, {""label"": ""Yanlış ürün"", ""color"": ""#A65EEA"", ""percent"": 25}, {""label"": ""Lezzet"", ""color"": ""#22CCEE"", ""percent"": 15}, {""label"": ""Ürün stokta yok"", ""color"": ""#66DD22"", ""percent"": 10}, {""label"": ""Diğer"", ""color"": ""#F99F1B"", ""percent"": 5}]","[{""label"": ""Eksik Malzeme"", ""color"": ""#EE4444"", ""percent"": 48}, {""label"": ""Soğuk Geldi"", ""color"": ""#A65EEA"", ""percent"": 34}, {""label"": ""Yanlış Sipariş"", ""color"": ""#22CCEE"", ""percent"": 18}, {""label"": ""Ambalaj"", ""color"": ""#F99F1B"", ""percent"": 12}]",64.0,4.17,4.54,3.45,125,151,636494,24,"[[7, 7, 9, 5, 8, 10, 10, 3, 32, 15, 34, 74, 65, 76, 55, 18, 17, 26, 93, 81, 78, 82, 81, 17], [4, 8, 8, 2, 6, 6, 5, 3, 35, 18, 31, 66, 70, 78, 56, 33, 26, 32, 73, 95, 93, 82, 92, 33], [10, 8, 4, 7, 6, 6, 9, 10, 33, 15, 29, 61, 73, 55, 56, 34, 21, 17, 75, 74, 89, 87, 85, 29], [4, 2, 4, 10, 7, 4, 6, 6, 28, 20, 23, 55, 59, 72, 59, 18, 35, 25, 89, 89, 82, 70, 86, 22], [4, 4, 7, 4, 10, 9, 9, 3, 28, 16, 23, 74, 71, 62, 79, 23, 27, 19, 70, 86, 93, 89, 89, 26], [3, 10, 11, 11, 10, 10, 2, 2, 33, 29, 25, 88, 88, 86, 66, 32, 35, 23, 100, 85, 97, 93, 92, 39], [2, 8, 5, 4, 3, 11, 10, 10, 20, 26, 32, 77, 89, 64, 87, 25, 27, 18, 100, 81, 95, 100, 92, 29]]",355,16.04,2.56,"[{""platform_id"": 1, ""percent"": 38.4}, {""platform_id"": 2, ""percent"": 28.5}, {""platform_id"": 3, ""percent"": 33.1}]","[{""stars"": 5, ""percent"": 25, ""count"": 500}, {""stars"": 4, ""percent"": 30, ""count"": 600}, {""stars"": 3, ""percent"": 20, ""count"": 400}, {""stars"": 2, ""percent"": 15, ""count"": 300}, {""stars"": 1, ""percent"": 10, ""count"": 200}]","[{""text"": ""Soğuk"", ""weight"": 5}, {""text"": ""Geç"", ""weight"": 4}, {""text"": ""Bayat"", ""weight"": 3}, {""text"": ""Kötü"", ""weight"": 3}, {""text"": ""Eksik"", ""weight"": 2}, {""text"": ""Pahalı"", ""weight"": 2}, {""text"": ""İade"", ""weight"": 1}]","{""restaurant_courier"": {""fee"": 20, ""avg_cost"": 38.18, ""monthly_revenue"": 4089, ""churn_label"": ""YÜKSEK""}, ""own_courier"": {""fee"": 0, ""avg_cost"": 36.7, ""monthly_revenue"": 1014790, ""churn_label"": ""DÜŞÜK""}}"
6,,2026-05-01,12.58,11.04,"[{""label"": ""Uzun bekleme"", ""color"": ""#EE4444"", ""percent"": 45}, {""label"": ""Yanlış ürün"", ""color"": ""#A65EEA"", ""percent"": 25}, {""label"": ""Lezzet"", ""color"": ""#22CCEE"", ""percent"": 15}, {""label"": ""Ürün stokta yok"", ""color"": ""#66DD22"", ""percent"": 10}, {""label"": ""Diğer"", ""color"": ""#F99F1B"", ""percent"": 5}]","[{""label"": ""Eksik Malzeme"", ""color"": ""#EE4444"", ""percent"": 48}, {""label"": ""Soğuk Geldi"", ""color"": ""#A65EEA"", ""percent"": 34}, {""label"": ""Yanlış Sipariş"", ""color"": ""#22CCEE"", ""percent"": 18}, {""label"": ""Ambalaj"", ""color"": ""#F99F1B"", ""percent"": 12}]",80.0,4.23,4.48,3.82,89,146,895642,28,"[[3, 5, 9, 3, 10, 5, 3, 8, 31, 19, 15, 65, 63, 72, 62, 18, 19, 28, 81, 76, 83, 94, 78, 27], [8, 6, 3, 4, 8, 10, 8, 10, 24, 17, 16, 56, 80, 75, 56, 29, 27, 23, 72, 75, 86, 84, 92, 33], [9, 3, 9, 7, 10, 10, 2, 8, 22, 27, 15, 77, 69, 65, 62, 30, 15, 35, 94, 93, 84, 88, 78, 31], [3, 3, 10, 10, 8, 4, 5, 6, 35, 23, 26, 56, 72, 79, 59, 20, 34, 25, 73, 79, 90, 93, 83, 24], [9, 6, 8, 9, 3, 9, 10, 6, 17, 15, 21, 55, 56, 59, 65, 19, 22, 31, 92, 70, 93, 77, 78, 27], [10, 9, 10, 4, 6, 8, 2, 8, 40, 36, 31, 71, 78, 72, 78, 35, 35, 35, 92, 82, 100, 100, 83, 18], [10, 3, 10, 5, 6, 8, 10, 2, 37, 18, 29, 72, 71, 89, 81, 29, 29, 36, 82, 92, 95, 100, 90, 37]]",331,11.2,2.74,"[{""platform_id"": 1, ""percent"": 40.9}, {""platform_id"": 2, ""percent"": 38.1}, {""platform_id"": 3, ""percent"": 21.0}]","[{""stars"": 5, ""percent"": 25, ""count"": 500}, {""stars"": 4, ""percent"": 30, ""count"": 600}, {""stars"": 3, ""percent"": 20, ""count"": 400}, {""stars"": 2, ""percent"": 15, ""count"": 300}, {""stars"": 1, ""percent"": 10, ""count"": 200}]","[{""text"": ""Soğuk"", ""weight"": 5}, {""text"": ""Geç"", ""weight"": 4}, {""text"": ""Bayat"", ""weight"": 3}, {""text"": ""Kötü"", ""weight"": 3}, {""text"": ""Eksik"", ""weight"": 2}, {""text"": ""Pahalı"", ""weight"": 2}, {""text"": ""İade"", ""weight"": 1}]","{""restaurant_courier"": {""fee"": 28, ""avg_cost"": 36.78, ""monthly_revenue"": 6135, ""churn_label"": ""YÜKSEK""}, ""own_courier"": {""fee"": 0, ""avg_cost"": 29.07, ""monthly_revenue"": 910689, ""churn_label"": ""DÜŞÜK""}}"
830,,2026-05-01,17.68,9.5,"[{""label"": ""Uzun bekleme"", ""color"": ""#EE4444"", ""percent"": 45}, {""label"": ""Yanlış ürün"", ""color"": ""#A65EEA"", ""percent"": 25}, {""label"": ""Lezzet"", ""color"": ""#22CCEE"", ""percent"": 15}, {""label"": ""Ürün stokta yok"", ""color"": ""#66DD22"", ""percent"": 10}, {""label"": ""Diğer"", ""color"": ""#F99F1B"", ""percent"": 5}]","[{""label"": ""Eksik Malzeme"", ""color"": ""#EE4444"", ""percent"": 48}, {""label"": ""Soğuk Geldi"", ""color"": ""#A65EEA"", ""percent"": 34}, {""label"": ""Yanlış Sipariş"", ""color"": ""#22CCEE"", ""percent"": 18}, {""label"": ""Ambalaj"", ""color"": ""#F99F1B"", ""percent"": 12}]",88.0,4.68,4.98,4.01,114,106,843434,20,"[[5, 4, 4, 5, 7, 4, 2, 4, 15, 32, 23, 71, 62, 80, 61, 31, 24, 24, 73, 83, 84, 92, 74, 33], [2, 6, 8, 7, 4, 7, 7, 6, 22, 17, 32, 71, 79, 64, 76, 16, 26, 20, 70, 80, 94, 75, 92, 34], [6, 6, 7, 8, 8, 3, 2, 5, 21, 21, 33, 69, 58, 78, 57, 15, 19, 30, 89, 73, 94, 70, 95, 30], [4, 10, 9, 7, 7, 2, 9, 9, 24, 17, 20, 67, 61, 62, 70, 30, 27, 25, 73, 89, 83, 89, 72, 27], [5, 7, 10, 6, 2, 4, 2, 3, 21, 33, 20, 55, 73, 70, 63, 29, 19, 28, 72, 75, 83, 86, 76, 25], [4, 3, 9, 10, 9, 3, 8, 10, 25, 40, 18, 90, 90, 69, 67, 18, 40, 17, 100, 100, 92, 82, 95, 21], [3, 3, 11, 6, 6, 4, 9, 3, 37, 17, 18, 75, 77, 85, 87, 32, 21, 28, 100, 94, 83, 100, 92, 39]]",685,13.26,2.91,"[{""platform_id"": 1, ""percent"": 41.3}, {""platform_id"": 2, ""percent"": 29.5}, {""platform_id"": 3, ""percent"": 29.2}]","[{""stars"": 5, ""percent"": 25, ""count"": 500}, {""stars"": 4, ""percent"": 30, ""count"": 600}, {""stars"": 3, ""percent"": 20, ""count"": 400}, {""stars"": 2, ""percent"": 15, ""count"": 300}, {""stars"": 1, ""percent"": 10, ""count"": 200}]","[{""text"": ""Soğuk"", ""weight"": 5}, {""text"": ""Geç"", ""weight"": 4}, {""text"": ""Bayat"", ""weight"": 3}, {""text"": ""Kötü"", ""weight"": 3}, {""text"": ""Eksik"", ""weight"": 2}, {""text"": ""Pahalı"", ""weight"": 2}, {""text"": ""İade"", ""weight"": 1}]","{""restaurant_courier"": {""fee"": 16, ""avg_cost"": 28.91, ""monthly_revenue"": 5043, ""churn_label"": ""YÜKSEK""}, ""own_courier"": {""fee"": 0, ""avg_cost"": 27.39, ""monthly_revenue"": 821666, ""churn_label"": ""DÜŞÜK""}}"
513,,2026-05-01,16.41,6.27,"[{""label"": ""Uzun bekleme"", ""color"": ""#EE4444"", ""percent"": 45}, {""label"": ""Yanlış ürün"", ""color"": ""#A65EEA"", ""percent"": 25}, {""label"": ""Lezzet"", ""color"": ""#22CCEE"", ""percent"": 15}, {""label"": ""Ürün stokta yok"", ""color"": ""#66DD22"", ""percent"": 10}, {""label"": ""Diğer"", ""color"": ""#F99F1B"", ""percent"": 5}]","[{""label"": ""Eksik Malzeme"", ""color"": ""#EE4444"", ""percent"": 48}, {""label"": ""Soğuk Geldi"", ""color"": ""#A65EEA"", ""percent"": 34}, {""label"": ""Yanlış Sipariş"", ""color"": ""#22CCEE"", ""percent"": 18}, {""label"": ""Ambalaj"", ""color"": ""#F99F1B"", ""percent"": 12}]",65.0,3.91,4.35,3.05,86,172,866022,24,"[[9, 2, 10, 2, 4, 7, 7, 8, 32, 29, 32, 78, 66, 78, 57, 34, 26, 31, 70, 75, 92, 87, 81, 25], [8, 10, 3, 8, 4, 9, 8, 2, 15, 28, 32, 66, 55, 63, 67, 17, 27, 21, 94, 71, 87, 91, 95, 30], [10, 5, 3, 5, 9, 10, 5, 7, 17, 26, 18, 80, 64, 70, 64, 20, 20, 19, 85, 83, 83, 73, 70, 35], [7, 4, 10, 5, 5, 5, 3, 3, 23, 28, 32, 76, 79, 58, 61, 27, 18, 31, 86, 90, 77, 76, 91, 16], [7, 7, 3, 3, 10, 6, 10, 4, 25, 20, 30, 80, 72, 76, 78, 35, 25, 16, 74, 76, 73, 74, 73, 15], [3, 2, 5, 6, 6, 11, 6, 5, 19, 35, 35, 85, 67, 67, 86, 40, 32, 26, 90, 100, 88, 81, 95, 19], [3, 9, 9, 4, 5, 6, 2, 10, 36, 20, 19, 65, 77, 79, 74, 23, 18, 25, 92, 96, 89, 90, 89, 29]]",844,29.93,2.74,"[{""platform_id"": 1, ""percent"": 36.7}, {""platform_id"": 2, ""percent"": 24.8}, {""platform_id"": 3, ""percent"": 38.4}]","[{""stars"": 5, ""percent"": 25, ""count"": 500}, {""stars"": 4, ""percent"": 30, ""count"": 600}, {""stars"": 3, ""percent"": 20, ""count"": 400}, {""stars"": 2, ""percent"": 15, ""count"": 300}, {""stars"": 1, ""percent"": 10, ""count"": 200}]","[{""text"": ""Soğuk"", ""weight"": 5}, {""text"": ""Geç"", ""weight"": 4}, {""text"": ""Bayat"", ""weight"": 3}, {""text"": ""Kötü"", ""weight"": 3}, {""text"": ""Eksik"", ""weight"": 2}, {""text"": ""Pahalı"", ""weight"": 2}, {""text"": ""İade"", ""weight"": 1}]","{""restaurant_courier"": {""fee"": 23, ""avg_cost"": 28.52, ""monthly_revenue"": 5334, ""churn_label"": ""YÜKSEK""}, ""own_courier"": {""fee"": 0, ""avg_cost"": 34.76, ""monthly_revenue"": 739878, ""churn_label"": ""DÜŞÜK""}}"
44,,2026-05-01,15.89,8.33,"[{""label"": ""Uzun bekleme"", ""color"": ""#EE4444"", ""percent"": 45}, {""label"": ""Yanlış ürün"", ""color"": ""#A65EEA"", ""percent"": 25}, {""label"": ""Lezzet"", ""color"": ""#22CCEE"", ""percent"": 15}, {""label"": ""Ürün stokta yok"", ""color"": ""#66DD22"", ""percent"": 10}, {""label"": ""Diğer"", ""color"": ""#F99F1B"", ""percent"": 5}]","[{""label"": ""Eksik Malzeme"", ""color"": ""#EE4444"", ""percent"": 48}, {""label"": ""Soğuk Geldi"", ""color"": ""#A65EEA"", ""percent"": 34}, {""label"": ""Yanlış Sipariş"", ""color"": ""#22CCEE"", ""percent"": 18}, {""label"": ""Ambalaj"", ""color"": ""#F99F1B"", ""percent"": 12}]",61.0,4.38,4.71,3.87,78,124,489524,19,"[[8, 7, 3, 9, 5, 8, 8, 2, 18, 23, 20, 76, 62, 57, 62, 30, 15, 22, 95, 81, 81, 84, 91, 22], [9, 5, 6, 2, 9, 9, 4, 2, 18, 19, 26, 55, 69, 80, 62, 26, 18, 15, 80, 72, 83, 95, 87, 18], [10, 3, 6, 10, 2, 9, 10, 7, 31, 29, 27, 73, 66, 75, 60, 19, 15, 15, 81, 88, 73, 95, 82, 32], [10, 10, 5, 6, 3, 7, 5, 3, 30, 22, 21, 75, 70, 80, 61, 19, 30, 33, 75, 70, 93, 88, 77, 26], [4, 7, 5, 2, 2, 5, 9, 4, 25, 30, 26, 66, 70, 64, 67, 28, 20, 16, 84, 92, 95, 83, 79, 27], [11, 3, 6, 10, 4, 6, 3, 5, 17, 19, 23, 70, 70, 69, 86, 40, 40, 35, 81, 88, 83, 83, 88, 21], [6, 6, 4, 3, 5, 6, 10, 5, 25, 39, 18, 64, 73, 87, 69, 36, 20, 24, 100, 81, 98, 100, 100, 31]]",670,20.5,2.37,"[{""platform_id"": 1, ""percent"": 39.1}, {""platform_id"": 2, ""percent"": 31.1}, {""platform_id"": 3, ""percent"": 29.9}]","[{""stars"": 5, ""percent"": 25, ""count"": 500}, {""stars"": 4, ""percent"": 30, ""count"": 600}, {""stars"": 3, ""percent"": 20, ""count"": 400}, {""stars"": 2, ""percent"": 15, ""count"": 300}, {""stars"": 1, ""percent"": 10, ""count"": 200}]","[{""text"": ""Soğuk"", ""weight"": 5}, {""text"": ""Geç"", ""weight"": 4}, {""text"": ""Bayat"", ""weight"": 3}, {""text"": ""Kötü"", ""weight"": 3}, {""text"": ""Eksik"", ""weight"": 2}, {""text"": ""Pahalı"", ""weight"": 2}, {""text"": ""İade"", ""weight"": 1}]","{""restaurant_courier"": {""fee"": 19, ""avg_cost"": 41.86, ""monthly_revenue"": 8810, ""churn_label"": ""YÜKSEK""}, ""own_courier"": {""fee"": 0, ""avg_cost"": 36.66, ""monthly_revenue"": 703325, ""churn_label"": ""DÜŞÜK""}}"
795,,2026-05-01,15.68,6.05,"[{""label"": ""Uzun bekleme"", ""color"": ""#EE4444"", ""percent"": 45}, {""label"": ""Yanlış ürün"", ""color"": ""#A65EEA"", ""percent"": 25}, {""label"": ""Lezzet"", ""color"": ""#22CCEE"", ""percent"": 15}, {""label"": ""Ürün stokta yok"", ""color"": ""#66DD22"", ""percent"": 10}, {""label"": ""Diğer"", ""color"": ""#F99F1B"", ""percent"": 5}]","[{""label"": ""Eksik Malzeme"", ""color"": ""#EE4444"", ""percent"": 48}, {""label"": ""Soğuk Geldi"", ""color"": ""#A65EEA"", ""percent"": 34}, {""label"": ""Yanlış Sipariş"", ""color"": ""#22CCEE"", ""percent"": 18}, {""label"": ""Ambalaj"", ""color"": ""#F99F1B"", ""percent"": 12}]",65.0,4.27,4.53,3.68,60,152,576581,26,"[[5, 5, 5, 9, 9, 4, 3, 4, 24, 28, 24, 66, 74, 78, 67, 33, 21, 33, 90, 72, 88, 88, 86, 35], [8, 9, 3, 7, 6, 8, 5, 8, 25, 29, 23, 65, 57, 61, 57, 24, 23, 19, 86, 79, 81, 81, 75, 15], [3, 9, 2, 3, 8, 5, 3, 6, 24, 18, 23, 58, 59, 71, 63, 23, 24, 20, 79, 73, 91, 90, 85, 27], [3, 7, 6, 7, 3, 6, 7, 5, 31, 32, 23, 59, 79, 74, 71, 30, 22, 21, 95, 85, 92, 88, 85, 20], [3, 4, 10, 5, 2, 9, 8, 9, 28, 19, 26, 70, 55, 65, 61, 19, 35, 35, 72, 92, 77, 71, 76, 29], [6, 8, 4, 6, 9, 6, 9, 8, 27, 39, 39, 66, 89, 83, 70, 24, 27, 31, 81, 81, 85, 100, 100, 34], [10, 9, 8, 9, 10, 10, 11, 4, 34, 40, 29, 64, 86, 80, 87, 37, 40, 17, 97, 90, 92, 80, 82, 39]]",357,23.47,2.36,"[{""platform_id"": 1, ""percent"": 40.7}, {""platform_id"": 2, ""percent"": 38.0}, {""platform_id"": 3, ""percent"": 21.3}]","[{""stars"": 5, ""percent"": 25, ""count"": 500}, {""stars"": 4, ""percent"": 30, ""count"": 600}, {""stars"": 3, ""percent"": 20, ""count"": 400}, {""stars"": 2, ""percent"": 15, ""count"": 300}, {""stars"": 1, ""percent"": 10, ""count"": 200}]","[{""text"": ""Soğuk"", ""weight"": 5}, {""text"": ""Geç"", ""weight"": 4}, {""text"": ""Bayat"", ""weight"": 3}, {""text"": ""Kötü"", ""weight"": 3}, {""text"": ""Eksik"", ""weight"": 2}, {""text"": ""Pahalı"", ""weight"": 2}, {""text"": ""İade"", ""weight"": 1}]","{""restaurant_courier"": {""fee"": 28, ""avg_cost"": 39.42, ""monthly_revenue"": 5783, ""churn_label"": ""YÜKSEK""}, ""own_courier"": {""fee"": 0, ""avg_cost"": 28.88, ""monthly_revenue"": 1368562, ""churn_label"": ""DÜŞÜK""}}"
594,,2026-05-01,14.21,8.11,"[{""label"": ""Uzun bekleme"", ""color"": ""#EE4444"", ""percent"": 45}, {""label"": ""Yanlış ürün"", ""color"": ""#A65EEA"", ""percent"": 25}, {""label"": ""Lezzet"", ""color"": ""#22CCEE"", ""percent"": 15}, {""label"": ""Ürün stokta yok"", ""color"": ""#66DD22"", ""percent"": 10}, {""label"": ""Diğer"", ""color"": ""#F99F1B"", ""percent"": 5}]","[{""label"": ""Eksik Malzeme"", ""color"": ""#EE4444"", ""percent"": 48}, {""label"": ""Soğuk Geldi"", ""color"": ""#A65EEA"", ""percent"": 34}, {""label"": ""Yanlış Sipariş"", ""color"": ""#22CCEE"", ""percent"": 18}, {""label"": ""Ambalaj"", ""color"": ""#F99F1B"", ""percent"": 12}]",87.0,4.17,4.64,3.73,62,100,639982,20,"[[10, 4, 5, 10, 8, 6, 5, 4, 32, 30, 24, 57, 71, 55, 80, 20, 22, 17, 93, 80, 78, 71, 70, 22], [8, 2, 6, 6, 5, 9, 7, 9, 32, 17, 33, 72, 69, 64, 55, 21, 31, 26, 91, 82, 74, 73, 87, 31], [8, 7, 10, 8, 6, 5, 2, 6, 28, 18, 22, 68, 67, 79, 73, 17, 20, 32, 89, 95, 79, 88, 78, 26], [10, 2, 4, 3, 9, 6, 5, 6, 15, 27, 27, 57, 60, 58, 58, 21, 35, 23, 71, 75, 80, 91, 90, 29], [4, 4, 3, 3, 6, 2, 4, 8, 23, 20, 34, 76, 77, 59, 57, 20, 23, 30, 74, 71, 76, 91, 76, 18], [6, 9, 5, 6, 2, 11, 2, 5, 21, 37, 37, 79, 89, 72, 77, 29, 19, 37, 96, 96, 95, 85, 100, 19], [11, 5, 4, 11, 4, 5, 2, 10, 19, 24, 40, 88, 80, 74, 82, 18, 39, 25, 100, 100, 83, 100, 100, 36]]",119,19.06,2.86,"[{""platform_id"": 1, ""percent"": 28.4}, {""platform_id"": 2, ""percent"": 37.6}, {""platform_id"": 3, ""percent"": 34.0}]","[{""stars"": 5, ""percent"": 25, ""count"": 500}, {""stars"": 4, ""percent"": 30, ""count"": 600}, {""stars"": 3, ""percent"": 20, ""count"": 400}, {""stars"": 2, ""percent"": 15, ""count"": 300}, {""stars"": 1, ""percent"": 10, ""count"": 200}]","[{""text"": ""Soğuk"", ""weight"": 5}, {""text"": ""Geç"", ""weight"": 4}, {""text"": ""Bayat"", ""weight"": 3}, {""text"": ""Kötü"", ""weight"": 3}, {""text"": ""Eksik"", ""weight"": 2}, {""text"": ""Pahalı"", ""weight"": 2}, {""text"": ""İade"", ""weight"": 1}]","{""restaurant_courier"": {""fee"": 15, ""avg_cost"": 35.22, ""monthly_revenue"": 6670, ""churn_label"": ""YÜKSEK""}, ""own_courier"": {""fee"": 0, ""avg_cost"": 32.92, ""monthly_revenue"": 1359196, ""churn_label"": ""DÜŞÜK""}}"
553,,2026-05-01,15.19,11.09,"[{""label"": ""Uzun bekleme"", ""color"": ""#EE4444"", ""percent"": 45}, {""label"": ""Yanlış ürün"", ""color"": ""#A65EEA"", ""percent"": 25}, {""label"": ""Lezzet"", ""color"": ""#22CCEE"", ""percent"": 15}, {""label"": ""Ürün stokta yok"", ""color"": ""#66DD22"", ""percent"": 10}, {""label"": ""Diğer"", ""color"": ""#F99F1B"", ""percent"": 5}]","[{""label"": ""Eksik Malzeme"", ""color"": ""#EE4444"", ""percent"": 48}, {""label"": ""Soğuk Geldi"", ""color"": ""#A65EEA"", ""percent"": 34}, {""label"": ""Yanlış Sipariş"", ""color"": ""#22CCEE"", ""percent"": 18}, {""label"": ""Ambalaj"", ""color"": ""#F99F1B"", ""percent"": 12}]",62.0,4.0,4.5,3.13,71,156,1004117,19,"[[4, 6, 10, 2, 8, 2, 9, 9, 28, 34, 31, 79, 63, 74, 55, 26, 21, 15, 80, 94, 91, 79, 75, 19], [9, 8, 9, 6, 7, 2, 2, 3, 25, 30, 31, 64, 62, 62, 69, 27, 18, 35, 89, 83, 84, 84, 90, 25], [2, 6, 6, 7, 4, 8, 5, 3, 18, 31, 20, 76, 72, 56, 59, 35, 18, 22, 79, 85, 93, 71, 74, 27], [10, 10, 2, 7, 10, 6, 6, 10, 19, 26, 33, 74, 65, 74, 71, 25, 23, 21, 85, 84, 85, 78, 75, 18], [4, 3, 9, 3, 4, 5, 10, 3, 18, 27, 24, 58, 64, 77, 55, 24, 22, 26, 90, 85, 82, 76, 76, 31], [9, 9, 3, 9, 4, 10, 2, 3, 31, 20, 31, 70, 79, 83, 67, 27, 23, 23, 83, 100, 100, 100, 100, 28], [3, 2, 3, 4, 3, 3, 10, 4, 20, 32, 32, 64, 81, 77, 88, 40, 26, 31, 90, 96, 100, 96, 82, 28]]",588,29.93,2.64,"[{""platform_id"": 1, ""percent"": 37.6}, {""platform_id"": 2, ""percent"": 30.3}, {""platform_id"": 3, ""percent"": 32.1}]","[{""stars"": 5, ""percent"": 25, ""count"": 500}, {""stars"": 4, ""percent"": 30, ""count"": 600}, {""stars"": 3, ""percent"": 20, ""count"": 400}, {""stars"": 2, ""percent"": 15, ""count"": 300}, {""stars"": 1, ""percent"": 10, ""count"": 200}]","[{""text"": ""Soğuk"", ""weight"": 5}, {""text"": ""Geç"", ""weight"": 4}, {""text"": ""Bayat"", ""weight"": 3}, {""text"": ""Kötü"", ""weight"": 3}, {""text"": ""Eksik"", ""weight"": 2}, {""text"": ""Pahalı"", ""weight"": 2}, {""text"": ""İade"", ""weight"": 1}]","{""restaurant_courier"": {""fee"": 26, ""avg_cost"": 39.35, ""monthly_revenue"": 4376, ""churn_label"": ""YÜKSEK""}, ""own_courier"": {""fee"": 0, ""avg_cost"": 36.46, ""monthly_revenue"": 1280738, ""churn_label"": ""DÜŞÜK""}}"
612,,2026-05-01,13.99,4.06,"[{""label"": ""Uzun bekleme"", ""color"": ""#EE4444"", ""percent"": 45}, {""label"": ""Yanlış ürün"", ""color"": ""#A65EEA"", ""percent"": 25}, {""label"": ""Lezzet"", ""color"": ""#22CCEE"", ""percent"": 15}, {""label"": ""Ürün stokta yok"", ""color"": ""#66DD22"", ""percent"": 10}, {""label"": ""Diğer"", ""color"": ""#F99F1B"", ""percent"": 5}]","[{""label"": ""Eksik Malzeme"", ""color"": ""#EE4444"", ""percent"": 48}, {""label"": ""Soğuk Geldi"", ""color"": ""#A65EEA"", ""percent"": 34}, {""label"": ""Yanlış Sipariş"", ""color"": ""#22CCEE"", ""percent"": 18}, {""label"": ""Ambalaj"", ""color"": ""#F99F1B"", ""percent"": 12}]",77.0,4.26,4.63,3.84,126,170,978714,28,"[[2, 4, 8, 7, 5, 5, 6, 8, 29, 25, 33, 79, 75, 64, 78, 28, 18, 33, 73, 70, 75, 94, 81, 23], [6, 7, 2, 2, 8, 2, 9, 2, 16, 31, 18, 80, 60, 76, 75, 26, 26, 16, 77, 82, 73, 80, 86, 26], [2, 10, 10, 7, 7, 8, 3, 4, 28, 30, 22, 78, 66, 71, 65, 23, 18, 25, 90, 79, 73, 85, 70, 15], [8, 7, 2, 2, 8, 8, 7, 3, 19, 29, 16, 78, 62, 78, 79, 26, 28, 28, 80, 76, 87, 88, 85, 16], [6, 4, 10, 6, 2, 3, 4, 2, 33, 22, 31, 70, 72, 76, 65, 32, 24, 27, 75, 80, 71, 77, 88, 17], [11, 11, 3, 10, 9, 10, 8, 9, 27, 32, 17, 73, 85, 86, 65, 20, 21, 21, 94, 87, 87, 100, 80, 24], [11, 2, 3, 8, 3, 8, 4, 5, 27, 37, 37, 92, 79, 78, 78, 32, 23, 19, 82, 100, 100, 92, 100, 26]]",262,28.69,2.64,"[{""platform_id"": 1, ""percent"": 31.1}, {""platform_id"": 2, ""percent"": 35.8}, {""platform_id"": 3, ""percent"": 33.1}]","[{""stars"": 5, ""percent"": 25, ""count"": 500}, {""stars"": 4, ""percent"": 30, ""count"": 600}, {""stars"": 3, ""percent"": 20, ""count"": 400}, {""stars"": 2, ""percent"": 15, ""count"": 300}, {""stars"": 1, ""percent"": 10, ""count"": 200}]","[{""text"": ""Soğuk"", ""weight"": 5}, {""text"": ""Geç"", ""weight"": 4}, {""text"": ""Bayat"", ""weight"": 3}, {""text"": ""Kötü"", ""weight"": 3}, {""text"": ""Eksik"", ""weight"": 2}, {""text"": ""Pahalı"", ""weight"": 2}, {""text"": ""İade"", ""weight"": 1}]","{""restaurant_courier"": {""fee"": 16, ""avg_cost"": 30.86, ""monthly_revenue"": 6346, ""churn_label"": ""YÜKSEK""}, ""own_courier"": {""fee"": 0, ""avg_cost"": 36.12, ""monthly_revenue"": 1029926, ""churn_label"": ""DÜŞÜK""}}"
778,,2026-05-01,13.64,9.31,"[{""label"": ""Uzun bekleme"", ""color"": ""#EE4444"", ""percent"": 45}, {""label"": ""Yanlış ürün"", ""color"": ""#A65EEA"", ""percent"": 25}, {""label"": ""Lezzet"", ""color"": ""#22CCEE"", ""percent"": 15}, {""label"": ""Ürün stokta yok"", ""color"": ""#66DD22"", ""percent"": 10}, {""label"": ""Diğer"", ""color"": ""#F99F1B"", ""percent"": 5}]","[{""label"": ""Eksik Malzeme"", ""color"": ""#EE4444"", ""percent"": 48}, {""label"": ""Soğuk Geldi"", ""color"": ""#A65EEA"", ""percent"": 34}, {""label"": ""Yanlış Sipariş"", ""color"": ""#22CCEE"", ""percent"": 18}, {""label"": ""Ambalaj"", ""color"": ""#F99F1B"", ""percent"": 12}]",68.0,4.47,4.69,3.91,108,152,680554,24,"[[6, 3, 5, 3, 3, 6, 6, 4, 28, 20, 31, 58, 65, 63, 66, 26, 35, 17, 95, 77, 78, 84, 84, 35], [4, 8, 8, 3, 6, 3, 7, 4, 15, 29, 33, 66, 67, 60, 77, 32, 27, 23, 70, 76, 74, 70, 95, 26], [2, 2, 7, 7, 5, 3, 5, 2, 24, 26, 18, 72, 64, 58, 78, 30, 26, 30, 90, 80, 78, 95, 83, 22], [5, 9, 10, 5, 3, 3, 4, 6, 27, 29, 17, 57, 69, 73, 59, 30, 21, 25, 75, 83, 73, 78, 87, 25], [7, 6, 3, 5, 4, 9, 8, 8, 25, 33, 17, 72, 71, 66, 66, 23, 29, 34, 82, 94, 74, 90, 71, 30], [2, 2, 4, 2, 5, 6, 8, 11, 37, 26, 31, 71, 87, 72, 87, 28, 20, 39, 88, 100, 82, 100, 92, 27], [4, 5, 8, 6, 11, 3, 10, 5, 28, 37, 35, 64, 64, 77, 63, 33, 17, 27, 93, 90, 100, 100, 95, 39]]",175,26.59,3.01,"[{""platform_id"": 1, ""percent"": 42.7}, {""platform_id"": 2, ""percent"": 36.7}, {""platform_id"": 3, ""percent"": 20.5}]","[{""stars"": 5, ""percent"": 25, ""count"": 500}, {""stars"": 4, ""percent"": 30, ""count"": 600}, {""stars"": 3, ""percent"": 20, ""count"": 400}, {""stars"": 2, ""percent"": 15, ""count"": 300}, {""stars"": 1, ""percent"": 10, ""count"": 200}]","[{""text"": ""Soğuk"", ""weight"": 5}, {""text"": ""Geç"", ""weight"": 4}, {""text"": ""Bayat"", ""weight"": 3}, {""text"": ""Kötü"", ""weight"": 3}, {""text"": ""Eksik"", ""weight"": 2}, {""text"": ""Pahalı"", ""weight"": 2}, {""text"": ""İade"", ""weight"": 1}]","{""restaurant_courier"": {""fee"": 17, ""avg_cost"": 31.14, ""monthly_revenue"": 7474, ""churn_label"": ""YÜKSEK""}, ""own_courier"": {""fee"": 0, ""avg_cost"": 34.33, ""monthly_revenue"": 1268079, ""churn_label"": ""DÜŞÜK""}}"
718,,2026-05-01,7.08,8.54,"[{""label"": ""Uzun bekleme"", ""color"": ""#EE4444"", ""percent"": 45}, {""label"": ""Yanlış ürün"", ""color"": ""#A65EEA"", ""percent"": 25}, {""label"": ""Lezzet"", ""color"": ""#22CCEE"", ""percent"": 15}, {""label"": ""Ürün stokta yok"", ""color"": ""#66DD22"", ""percent"": 10}, {""label"": ""Diğer"", ""color"": ""#F99F1B"", ""percent"": 5}]","[{""label"": ""Eksik Malzeme"", ""color"": ""#EE4444"", ""percent"": 48}, {""label"": ""Soğuk Geldi"", ""color"": ""#A65EEA"", ""percent"": 34}, {""label"": ""Yanlış Sipariş"", ""color"": ""#22CCEE"", ""percent"": 18}, {""label"": ""Ambalaj"", ""color"": ""#F99F1B"", ""percent"": 12}]",67.0,3.85,4.06,3.05,82,168,852718,15,"[[4, 10, 5, 9, 10, 5, 3, 3, 23, 22, 15, 57, 76, 62, 74, 22, 24, 18, 85, 80, 76, 72, 79, 30], [10, 4, 7, 6, 3, 10, 9, 6, 28, 16, 27, 78, 60, 56, 79, 17, 18, 21, 75, 81, 80, 93, 86, 31], [9, 4, 2, 9, 3, 7, 3, 3, 33, 26, 16, 67, 64, 80, 72, 16, 34, 31, 84, 82, 93, 70, 72, 30], [7, 8, 4, 9, 7, 6, 4, 5, 30, 32, 19, 67, 77, 59, 61, 33, 31, 18, 71, 80, 83, 84, 76, 34], [7, 7, 4, 6, 10, 5, 3, 10, 18, 16, 20, 75, 73, 68, 77, 34, 23, 22, 73, 79, 71, 87, 93, 26], [8, 9, 5, 9, 2, 9, 9, 5, 27, 26, 20, 85, 85, 80, 82, 27, 31, 32, 95, 88, 83, 83, 88, 40], [3, 9, 11, 9, 5, 9, 9, 11, 33, 36, 23, 63, 92, 66, 88, 25, 37, 25, 90, 100, 83, 100, 100, 37]]",802,18.54,2.87,"[{""platform_id"": 1, ""percent"": 26.3}, {""platform_id"": 2, ""percent"": 35.8}, {""platform_id"": 3, ""percent"": 38.0}]","[{""stars"": 5, ""percent"": 25, ""count"": 500}, {""stars"": 4, ""percent"": 30, ""count"": 600}, {""stars"": 3, ""percent"": 20, ""count"": 400}, {""stars"": 2, ""percent"": 15, ""count"": 300}, {""stars"": 1, ""percent"": 10, ""count"": 200}]","[{""text"": ""Soğuk"", ""weight"": 5}, {""text"": ""Geç"", ""weight"": 4}, {""text"": ""Bayat"", ""weight"": 3}, {""text"": ""Kötü"", ""weight"": 3}, {""text"": ""Eksik"", ""weight"": 2}, {""text"": ""Pahalı"", ""weight"": 2}, {""text"": ""İade"", ""weight"": 1}]","{""restaurant_courier"": {""fee"": 23, ""avg_cost"": 31.63, ""monthly_revenue"": 5352, ""churn_label"": ""YÜKSEK""}, ""own_courier"": {""fee"": 0, ""avg_cost"": 28.45, ""monthly_revenue"": 862282, ""churn_label"": ""DÜŞÜK""}}"
643,,2026-05-01,16.32,10.24,"[{""label"": ""Uzun bekleme"", ""color"": ""#EE4444"", ""percent"": 45}, {""label"": ""Yanlış ürün"", ""color"": ""#A65EEA"", ""percent"": 25}, {""label"": ""Lezzet"", ""color"": ""#22CCEE"", ""percent"": 15}, {""label"": ""Ürün stokta yok"", ""color"": ""#66DD22"", ""percent"": 10}, {""label"": ""Diğer"", ""color"": ""#F99F1B"", ""percent"": 5}]","[{""label"": ""Eksik Malzeme"", ""color"": ""#EE4444"", ""percent"": 48}, {""label"": ""Soğuk Geldi"", ""color"": ""#A65EEA"", ""percent"": 34}, {""label"": ""Yanlış Sipariş"", ""color"": ""#22CCEE"", ""percent"": 18}, {""label"": ""Ambalaj"", ""color"": ""#F99F1B"", ""percent"": 12}]",85.0,3.94,4.36,3.53,84,168,899000,18,"[[7, 6, 2, 8, 10, 9, 5, 6, 26, 26, 30, 74, 57, 63, 68, 27, 34, 15, 82, 94, 82, 91, 78, 24], [2, 8, 6, 3, 3, 6, 5, 6, 22, 28, 20, 74, 79, 68, 55, 24, 22, 33, 81, 90, 90, 72, 89, 21], [6, 2, 7, 3, 3, 4, 4, 2, 24, 17, 30, 75, 67, 58, 57, 20, 16, 16, 71, 82, 95, 92, 93, 17], [8, 6, 8, 8, 4, 10, 10, 2, 15, 32, 15, 70, 58, 73, 77, 15, 34, 26, 94, 91, 86, 88, 93, 18], [4, 4, 8, 4, 5, 6, 3, 3, 28, 25, 33, 62, 80, 61, 79, 33, 15, 19, 83, 82, 89, 85, 78, 32], [2, 5, 10, 5, 2, 4, 5, 6, 24, 20, 35, 80, 67, 74, 79, 40, 21, 32, 85, 100, 98, 92, 98, 24], [10, 9, 6, 10, 10, 3, 8, 3, 35, 18, 18, 70, 78, 89, 77, 37, 17, 31, 97, 100, 80, 89, 100, 26]]",664,26.26,2.4,"[{""platform_id"": 1, ""percent"": 48.1}, {""platform_id"": 2, ""percent"": 34.0}, {""platform_id"": 3, ""percent"": 17.9}]","[{""stars"": 5, ""percent"": 25, ""count"": 500}, {""stars"": 4, ""percent"": 30, ""count"": 600}, {""stars"": 3, ""percent"": 20, ""count"": 400}, {""stars"": 2, ""percent"": 15, ""count"": 300}, {""stars"": 1, ""percent"": 10, ""count"": 200}]","[{""text"": ""Soğuk"", ""weight"": 5}, {""text"": ""Geç"", ""weight"": 4}, {""text"": ""Bayat"", ""weight"": 3}, {""text"": ""Kötü"", ""weight"": 3}, {""text"": ""Eksik"", ""weight"": 2}, {""text"": ""Pahalı"", ""weight"": 2}, {""text"": ""İade"", ""weight"": 1}]","{""restaurant_courier"": {""fee"": 20, ""avg_cost"": 30.06, ""monthly_revenue"": 4244, ""churn_label"": ""YÜKSEK""}, ""own_courier"": {""fee"": 0, ""avg_cost"": 32.97, ""monthly_revenue"": 1283105, ""churn_label"": ""DÜŞÜK""}}"
326,,2026-05-01,13.2,7.86,"[{""label"": ""Uzun bekleme"", ""color"": ""#EE4444"", ""percent"": 45}, {""label"": ""Yanlış ürün"", ""color"": ""#A65EEA"", ""percent"": 25}, {""label"": ""Lezzet"", ""color"": ""#22CCEE"", ""percent"": 15}, {""label"": ""Ürün stokta yok"", ""color"": ""#66DD22"", ""percent"": 10}, {""label"": ""Diğer"", ""color"": ""#F99F1B"", ""percent"": 5}]","[{""label"": ""Eksik Malzeme"", ""color"": ""#EE4444"", ""percent"": 48}, {""label"": ""Soğuk Geldi"", ""color"": ""#A65EEA"", ""percent"": 34}, {""label"": ""Yanlış Sipariş"", ""color"": ""#22CCEE"", ""percent"": 18}, {""label"": ""Ambalaj"", ""color"": ""#F99F1B"", ""percent"": 12}]",83.0,4.0,4.23,3.43,113,143,540018,27,"[[7, 10, 2, 5, 3, 3, 2, 6, 20, 16, 18, 56, 69, 60, 60, 25, 28, 24, 84, 95, 93, 74, 94, 32], [3, 3, 7, 9, 10, 10, 9, 3, 29, 23, 17, 67, 57, 61, 72, 28, 21, 26, 80, 93, 80, 73, 77, 15], [9, 2, 8, 3, 9, 8, 3, 6, 24, 33, 34, 67, 77, 67, 61, 24, 24, 26, 78, 70, 82, 75, 87, 16], [2, 10, 9, 6, 10, 4, 8, 6, 26, 32, 16, 61, 76, 57, 56, 33, 35, 28, 75, 83, 86, 94, 88, 29], [7, 2, 8, 9, 4, 4, 4, 10, 25, 22, 34, 72, 70, 60, 75, 24, 27, 23, 92, 95, 73, 93, 94, 28], [5, 3, 5, 2, 10, 8, 4, 8, 17, 28, 33, 72, 82, 72, 75, 35, 34, 39, 83, 89, 100, 95, 82, 21], [2, 8, 10, 9, 10, 5, 8, 5, 37, 25, 28, 70, 90, 88, 77, 27, 27, 24, 88, 100, 85, 100, 94, 28]]",314,22.02,2.97,"[{""platform_id"": 1, ""percent"": 46.8}, {""platform_id"": 2, ""percent"": 29.7}, {""platform_id"": 3, ""percent"": 23.5}]","[{""stars"": 5, ""percent"": 25, ""count"": 500}, {""stars"": 4, ""percent"": 30, ""count"": 600}, {""stars"": 3, ""percent"": 20, ""count"": 400}, {""stars"": 2, ""percent"": 15, ""count"": 300}, {""stars"": 1, ""percent"": 10, ""count"": 200}]","[{""text"": ""Soğuk"", ""weight"": 5}, {""text"": ""Geç"", ""weight"": 4}, {""text"": ""Bayat"", ""weight"": 3}, {""text"": ""Kötü"", ""weight"": 3}, {""text"": ""Eksik"", ""weight"": 2}, {""text"": ""Pahalı"", ""weight"": 2}, {""text"": ""İade"", ""weight"": 1}]","{""restaurant_courier"": {""fee"": 17, ""avg_cost"": 37.53, ""monthly_revenue"": 6699, ""churn_label"": ""YÜKSEK""}, ""own_courier"": {""fee"": 0, ""avg_cost"": 36.49, ""monthly_revenue"": 903936, ""churn_label"": ""DÜŞÜK""}}"
163,,2026-05-01,6.2,8.54,"[{""label"": ""Uzun bekleme"", ""color"": ""#EE4444"", ""percent"": 45}, {""label"": ""Yanlış ürün"", ""color"": ""#A65EEA"", ""percent"": 25}, {""label"": ""Lezzet"", ""color"": ""#22CCEE"", ""percent"": 15}, {""label"": ""Ürün stokta yok"", ""color"": ""#66DD22"", ""percent"": 10}, {""label"": ""Diğer"", ""color"": ""#F99F1B"", ""percent"": 5}]","[{""label"": ""Eksik Malzeme"", ""color"": ""#EE4444"", ""percent"": 48}, {""label"": ""Soğuk Geldi"", ""color"": ""#A65EEA"", ""percent"": 34}, {""label"": ""Yanlış Sipariş"", ""color"": ""#22CCEE"", ""percent"": 18}, {""label"": ""Ambalaj"", ""color"": ""#F99F1B"", ""percent"": 12}]",85.0,4.21,4.64,3.42,107,110,684526,16,"[[7, 9, 7, 3, 8, 4, 6, 4, 33, 23, 26, 78, 78, 76, 66, 29, 19, 21, 76, 74, 86, 73, 82, 16], [2, 3, 7, 3, 5, 3, 8, 6, 26, 25, 29, 62, 80, 55, 60, 19, 30, 20, 87, 80, 83, 85, 82, 26], [10, 4, 3, 2, 4, 6, 6, 2, 19, 30, 28, 79, 76, 73, 65, 16, 24, 29, 75, 93, 73, 89, 88, 32], [3, 8, 9, 3, 7, 9, 7, 9, 27, 17, 21, 78, 72, 57, 74, 21, 25, 19, 92, 82, 70, 82, 76, 23], [5, 8, 4, 5, 5, 4, 2, 3, 15, 28, 29, 79, 62, 71, 63, 16, 30, 35, 76, 90, 82, 88, 70, 31], [6, 9, 4, 6, 10, 5, 10, 5, 21, 20, 29, 80, 89, 86, 67, 39, 21, 26, 81, 92, 80, 87, 87, 25], [4, 5, 11, 4, 6, 5, 2, 2, 26, 17, 29, 74, 69, 66, 73, 33, 27, 28, 100, 90, 90, 97, 87, 19]]",650,23.67,2.28,"[{""platform_id"": 1, ""percent"": 43.3}, {""platform_id"": 2, ""percent"": 30.5}, {""platform_id"": 3, ""percent"": 26.2}]","[{""stars"": 5, ""percent"": 25, ""count"": 500}, {""stars"": 4, ""percent"": 30, ""count"": 600}, {""stars"": 3, ""percent"": 20, ""count"": 400}, {""stars"": 2, ""percent"": 15, ""count"": 300}, {""stars"": 1, ""percent"": 10, ""count"": 200}]","[{""text"": ""Soğuk"", ""weight"": 5}, {""text"": ""Geç"", ""weight"": 4}, {""text"": ""Bayat"", ""weight"": 3}, {""text"": ""Kötü"", ""weight"": 3}, {""text"": ""Eksik"", ""weight"": 2}, {""text"": ""Pahalı"", ""weight"": 2}, {""text"": ""İade"", ""weight"": 1}]","{""restaurant_courier"": {""fee"": 21, ""avg_cost"": 35.37, ""monthly_revenue"": 6814, ""churn_label"": ""YÜKSEK""}, ""own_courier"": {""fee"": 0, ""avg_cost"": 28.77, ""monthly_revenue"": 1334219, ""churn_label"": ""DÜŞÜK""}}"
748,,2026-05-01,14.29,5.99,"[{""label"": ""Uzun bekleme"", ""color"": ""#EE4444"", ""percent"": 45}, {""label"": ""Yanlış ürün"", ""color"": ""#A65EEA"", ""percent"": 25}, {""label"": ""Lezzet"", ""color"": ""#22CCEE"", ""percent"": 15}, {""label"": ""Ürün stokta yok"", ""color"": ""#66DD22"", ""percent"": 10}, {""label"": ""Diğer"", ""color"": ""#F99F1B"", ""percent"": 5}]","[{""label"": ""Eksik Malzeme"", ""color"": ""#EE4444"", ""percent"": 48}, {""label"": ""Soğuk Geldi"", ""color"": ""#A65EEA"", ""percent"": 34}, {""label"": ""Yanlış Sipariş"", ""color"": ""#22CCEE"", ""percent"": 18}, {""label"": ""Ambalaj"", ""color"": ""#F99F1B"", ""percent"": 12}]",76.0,4.1,4.39,3.46,90,123,1070457,26,"[[9, 4, 5, 8, 2, 4, 10, 8, 32, 15, 30, 74, 57, 77, 74, 26, 26, 30, 78, 73, 85, 85, 83, 17], [2, 10, 10, 7, 8, 4, 6, 5, 28, 29, 26, 62, 74, 79, 79, 22, 29, 26, 87, 89, 82, 82, 89, 18], [8, 9, 4, 4, 9, 4, 10, 5, 21, 19, 35, 61, 67, 57, 59, 16, 25, 34, 71, 73, 76, 78, 94, 24], [2, 5, 10, 8, 3, 5, 10, 10, 34, 26, 34, 58, 73, 80, 63, 27, 21, 35, 83, 72, 84, 87, 88, 34], [9, 10, 5, 3, 3, 5, 7, 3, 24, 25, 34, 79, 56, 57, 62, 22, 17, 33, 78, 77, 93, 76, 82, 33], [3, 11, 5, 3, 3, 5, 2, 11, 33, 17, 35, 66, 70, 79, 79, 25, 33, 25, 100, 100, 100, 97, 100, 23], [2, 2, 9, 2, 11, 6, 3, 4, 27, 25, 29, 81, 80, 72, 71, 29, 35, 31, 88, 100, 93, 100, 100, 25]]",817,30.72,2.59,"[{""platform_id"": 1, ""percent"": 37.1}, {""platform_id"": 2, ""percent"": 32.0}, {""platform_id"": 3, ""percent"": 30.9}]","[{""stars"": 5, ""percent"": 25, ""count"": 500}, {""stars"": 4, ""percent"": 30, ""count"": 600}, {""stars"": 3, ""percent"": 20, ""count"": 400}, {""stars"": 2, ""percent"": 15, ""count"": 300}, {""stars"": 1, ""percent"": 10, ""count"": 200}]","[{""text"": ""Soğuk"", ""weight"": 5}, {""text"": ""Geç"", ""weight"": 4}, {""text"": ""Bayat"", ""weight"": 3}, {""text"": ""Kötü"", ""weight"": 3}, {""text"": ""Eksik"", ""weight"": 2}, {""text"": ""Pahalı"", ""weight"": 2}, {""text"": ""İade"", ""weight"": 1}]","{""restaurant_courier"": {""fee"": 24, ""avg_cost"": 31.75, ""monthly_revenue"": 5589, ""churn_label"": ""YÜKSEK""}, ""own_courier"": {""fee"": 0, ""avg_cost"": 33.24, ""monthly_revenue"": 888213, ""churn_label"": ""DÜŞÜK""}}"
1,,2026-05-01,14.11,9.71,"[{""label"": ""Uzun bekleme"", ""color"": ""#EE4444"", ""percent"": 45}, {""label"": ""Yanlış ürün"", ""color"": ""#A65EEA"", ""percent"": 25}, {""label"": ""Lezzet"", ""color"": ""#22CCEE"", ""percent"": 15}, {""label"": ""Ürün stokta yok"", ""color"": ""#66DD22"", ""percent"": 10}, {""label"": ""Diğer"", ""color"": ""#F99F1B"", ""percent"": 5}]","[{""label"": ""Eksik Malzeme"", ""color"": ""#EE4444"", ""percent"": 48}, {""label"": ""Soğuk Geldi"", ""color"": ""#A65EEA"", ""percent"": 34}, {""label"": ""Yanlış Sipariş"", ""color"": ""#22CCEE"", ""percent"": 18}, {""label"": ""Ambalaj"", ""color"": ""#F99F1B"", ""percent"": 12}]",71.0,4.36,4.7,3.66,71,111,452527,19,"[[7, 3, 8, 3, 3, 4, 4, 3, 32, 32, 33, 73, 56, 57, 60, 24, 24, 28, 70, 83, 79, 92, 78, 19], [5, 8, 3, 5, 8, 2, 4, 10, 33, 33, 17, 61, 66, 58, 58, 26, 30, 34, 88, 78, 82, 94, 90, 25], [9, 6, 6, 4, 8, 4, 4, 9, 32, 16, 33, 68, 64, 63, 58, 15, 20, 25, 91, 75, 82, 90, 86, 23], [7, 8, 6, 2, 6, 5, 8, 7, 28, 21, 32, 60, 63, 80, 61, 28, 33, 16, 74, 87, 78, 81, 71, 22], [4, 3, 10, 7, 4, 6, 2, 8, 30, 32, 20, 56, 70, 70, 56, 28, 33, 35, 94, 76, 82, 77, 83, 31], [9, 5, 11, 6, 4, 8, 11, 4, 25, 31, 28, 66, 71, 74, 90, 39, 19, 34, 82, 83, 81, 96, 82, 18], [9, 2, 11, 3, 8, 2, 9, 2, 31, 40, 29, 89, 86, 78, 64, 19, 23, 24, 92, 94, 100, 100, 86, 19]]",717,26.52,2.37,"[{""platform_id"": 1, ""percent"": 34.6}, {""platform_id"": 2, ""percent"": 38.3}, {""platform_id"": 3, ""percent"": 27.1}]","[{""stars"": 5, ""percent"": 25, ""count"": 500}, {""stars"": 4, ""percent"": 30, ""count"": 600}, {""stars"": 3, ""percent"": 20, ""count"": 400}, {""stars"": 2, ""percent"": 15, ""count"": 300}, {""stars"": 1, ""percent"": 10, ""count"": 200}]","[{""text"": ""Soğuk"", ""weight"": 5}, {""text"": ""Geç"", ""weight"": 4}, {""text"": ""Bayat"", ""weight"": 3}, {""text"": ""Kötü"", ""weight"": 3}, {""text"": ""Eksik"", ""weight"": 2}, {""text"": ""Pahalı"", ""weight"": 2}, {""text"": ""İade"", ""weight"": 1}]","{""restaurant_courier"": {""fee"": 28, ""avg_cost"": 34.06, ""monthly_revenue"": 7958, ""churn_label"": ""YÜKSEK""}, ""own_courier"": {""fee"": 0, ""avg_cost"": 34.73, ""monthly_revenue"": 1108146, ""churn_label"": ""DÜŞÜK""}}"
